symbol,name,market,asset_type,kospi200
000000,RISE 바이오TOP10액티브,KOSPI,STOCK,N
000010,TIGER 26-04 회사채(A+이상)액티브,KOSPI,STOCK,N
000020,에셋플러스 인도일등기업포커스20액티브,KOSPI,STOCK,N
000040,1Q 미국배당TOP30,KOSPI,STOCK,N
000050,ITF K-AI반도체코어테크,KOSPI,STOCK,N
000070,아이엠에셋 200,KOSPI,STOCK,N
000080,SOL 화장품TOP3플러스,KOSPI,STOCK,N
000087,하이트진로2우B,KOSPI,STOCK,N
000088,한화3우B,KOSPI,STOCK,N
000100,ACE FTSE WGBI Korea,KOSPI,STOCK,N
000104,CJ4우(전환),KOSPI,STOCK,N
000105,유한양행우,KOSPI,STOCK,N
000120,CJ대한통운,KOSPI,STOCK,Y
000130,RISE 테슬라미국채타겟커버드콜혼합(합성),KOSPI,STOCK,N
000140,하이트진로홀딩스,KOSPI,STOCK,N
000145,하이트진로홀딩스우,KOSPI,STOCK,N
000150,TIGER 미국소비트렌드액티브,KOSPI,STOCK,N
000155,두산우,KOSPI,STOCK,N
000157,두산2우B,KOSPI,STOCK,N
000160,SOL 중단기회사채(A-이상)액티브,KOSPI,STOCK,N
000170,1Q 종합채권(AA-이상)액티브,KOSPI,STOCK,N
000180,RISE 미국양자컴퓨팅,KOSPI,STOCK,N
000190,TIME 미국나스닥100채권혼합50액티브,KOSPI,STOCK,N
000200,KoAct 글로벌양자컴퓨팅액티브,KOSPI,STOCK,N
000210,ACE TDF2050액티브,KOSPI,STOCK,N
000215,DL우,KOSPI,STOCK,N
000220,SOL 국제금커버드콜액티브,KOSPI,STOCK,N
000225,유유제약1우,KOSPI,STOCK,N
000227,유유제약2우B,KOSPI,STOCK,N
000230,PLUS 미국양자컴퓨팅TOP10,KOSPI,STOCK,N
000240,한국앤컴퍼니,KOSPI,STOCK,Y
000250,TIGER TDF2045,KOSPI,STOCK,N
000260,1Q 미국S&P500,KOSPI,STOCK,N
000270,기아,KOSPI,STOCK,Y
000279,아모레퍼시픽홀딩스3우C,KOSPI,STOCK,N
000280,KODEX 미국금융테크액티브,KOSPI,STOCK,N
000300,대신밸류리츠,KOSPI,STOCK,N
000320,노루홀딩스,KOSPI,STOCK,N
000325,노루홀딩스우,KOSPI,STOCK,N
000350,PLUS 글로벌휴머노이드로봇액티브,KOSPI,STOCK,N
000360,RISE 미국천연가스밸류체인,KOSPI,STOCK,N
000370,한화손해보험,KOSPI,STOCK,N
000380,KODEX 미국휴머노이드로봇,KOSPI,STOCK,N
000390,삼화페인트,KOSPI,STOCK,N
000400,SOL 팔란티어커버드콜OTM채권혼합,KOSPI,STOCK,N
000410,KODEX 미국S&P500액티브,KOSPI,STOCK,N
000430,TIME 차이나AI테크액티브,KOSPI,STOCK,N
000460,ACE 미국배당퀄리티,KOSPI,STOCK,N
000470,RISE 팔란티어고정테크100,KOSPI,STOCK,N
000480,KODEX 차이나휴머노이드로봇,KOSPI,STOCK,N
000490,ACE 미국배당퀄리티+커버드콜액티브,KOSPI,STOCK,N
000499,롯데지주우,KOSPI,STOCK,N
000500,PLUS 미국AI에이전트,KOSPI,STOCK,N
000510,SOL 미국원자력SMR,KOSPI,STOCK,N
000520,1Q 중단기회사채(A-이상)액티브,KOSPI,STOCK,N
000530,더제이 중소형포커스액티브,KOSPI,STOCK,N
000540,흥국화재,KOSPI,STOCK,N
000545,흥국화재우,KOSPI,STOCK,N
000570,PLUS 미국S&P500미국채혼합50액티브,KOSPI,STOCK,N
000590,CS홀딩스,KOSPI,STOCK,N
000600,TIGER 토탈월드스탁액티브,KOSPI,STOCK,N
000610,RISE 단기특수은행채액티브,KOSPI,STOCK,N
000640,KODEX 금액티브,KOSPI,STOCK,N
000650,KODEX 차이나테크TOP10,KOSPI,STOCK,N
000660,SOL 국제금,KOSPI,STOCK,N
000670,TIGER 차이나AI소프트웨어,KOSPI,STOCK,N
000680,KODEX 미국S&P500버퍼6월액티브,KOSPI,STOCK,N
000690,1Q 미국나스닥100,KOSPI,STOCK,N
000700,유수홀딩스,KOSPI,STOCK,N
000720,TIGER KRX금현물,KOSPI,STOCK,N
000725,현대건설우,KOSPI,STOCK,N
000730,FOCUS 알리바바미국채커버드콜혼합,KOSPI,STOCK,N
000740,KoAct K수출핵심기업TOP30액티브,KOSPI,STOCK,N
000760,이화산업,KOSPI,STOCK,N
000780,PLUS 미국로보택시,KOSPI,STOCK,N
000781,코리아써키트2우B,KOSPI,STOCK,N
000790,ACE BYD밸류체인액티브,KOSPI,STOCK,N
000800,SOL 조선TOP3플러스레버리지,KOSPI,STOCK,N
000806,대덕1우,KOSPI,STOCK,N
000810,삼성화재,KOSPI,STOCK,Y
000815,삼성화재우,KOSPI,STOCK,N
000820,KODEX TDF2060액티브,KOSPI,STOCK,N
000830,1Q 미국메디컬AI,KOSPI,STOCK,N
000840,KIWOOM 미국대형주500월간목표헤지액티브,KOSPI,STOCK,N
000850,ACE 미국10년국채액티브,KOSPI,STOCK,N
000860,TIGER 리츠부동산인프라10채권혼합액티브,KOSPI,STOCK,N
000870,ACE 차이나AI빅테크TOP2+액티브,KOSPI,STOCK,N
000880,WON K-글로벌수급상위,KOSPI,STOCK,N
000890,KODEX 금융고배당TOP10,KOSPI,STOCK,N
000900,PLUS K방산소부장,KOSPI,STOCK,N
000910,TIGER 코리아원자력,KOSPI,STOCK,N
000920,SOL 27-12 회사채(AA-이상)액티브,KOSPI,STOCK,N
000930,KoAct 팔란티어밸류체인액티브,KOSPI,STOCK,N
000940,1Q 샤오미밸류체인액티브,KOSPI,STOCK,N
000950,전방,KOSPI,STOCK,N
000970,KIWOOM 한국고배당&미국AI테크,KOSPI,STOCK,N
000980,FOCUS 200,KOSPI,STOCK,N
000990,ACE 우량회사채(AA-이상)액티브,KOSPI,STOCK,N
001000,KODEX 방산TOP10레버리지,KOSPI,STOCK,N
001010,RISE AI전력인프라,KOSPI,STOCK,N
001020,ACE 유럽방산TOP10,KOSPI,STOCK,N
001030,1Q K소버린AI,KOSPI,STOCK,N
001040,TIGER 코리아배당다우존스위클리커버드콜,KOSPI,STOCK,N
001045,CJ우,KOSPI,STOCK,N
001050,SOL 코리아고배당,KOSPI,STOCK,N
001060,대신 KOSPI200인덱스 X클래스,KOSPI,STOCK,N
001065,JW중외제약우,KOSPI,STOCK,N
001067,JW중외제약2우B,KOSPI,STOCK,N
001070,KIWOOM 미국고배당&AI테크,KOSPI,STOCK,N
001080,만호제강,KOSPI,STOCK,N
001110,1Q 미국나스닥100미국채혼합50액티브,KOSPI,STOCK,N
001120,마이티 200TR,KOSPI,STOCK,N
001130,HK 머니마켓액티브,KOSPI,STOCK,N
001140,RISE 글로벌게임테크TOP3Plus,KOSPI,STOCK,N
001150,KODEX 코리아소버린AI,KOSPI,STOCK,N
001170,TIGER 코리아AI전력기기TOP3플러스,KOSPI,STOCK,N
001180,ACE 미국AI테크핵심산업액티브,KOSPI,STOCK,N
001190,KODEX 28-12 회사채(AA-이상)액티브,KOSPI,STOCK,N
001200,유진 챔피언중단기크레딧 X클래스,KOSPI,STOCK,N
001210,금호전기,KOSPI,STOCK,N
001220,RISE 26-11 회사채(AA-이상)액티브,KOSPI,STOCK,N
001230,HANARO 26-12 은행채(AA+이상)액티브,KOSPI,STOCK,N
001250,GS글로벌,KOSPI,STOCK,N
001260,삼성에피스홀딩스,KOSPI,STOCK,Y
001270,KIWOOM 미국S&P500 TOP10&배당다우비중전,KOSPI,STOCK,N
001275,부국증권우,KOSPI,STOCK,N
001280,PLUS 차이나항셍테크위클리타겟커버드콜,KOSPI,STOCK,N
001290,상상인증권,KOSPI,STOCK,N
001310,1Q 단기특수은행채액티브,KOSPI,STOCK,N
001320,PLUS 테슬라위클리커버드콜채권혼합,KOSPI,STOCK,N
001330,TIGER 차이나증권,KOSPI,STOCK,N
001340,PKC,KOSPI,STOCK,N
001350,ITF 중기종합채권(AA-이상)액티브,KOSPI,STOCK,N
001360,삼성제약,KOSPI,STOCK,N
001370,KIWOOM 미국S&P500&GOLD,KOSPI,STOCK,N
001380,PLUS 금채권혼합,KOSPI,STOCK,N
001390,ACE 고배당주,KOSPI,STOCK,N
001410,SOL 중기종합채권(AA-이상)액티브,KOSPI,STOCK,N
001420,TIGER 미국AI데이터센터TOP4Plus,KOSPI,STOCK,N
001430,세아베스틸지주,KOSPI,STOCK,Y
001440,KODEX 미국드론UAM TOP10,KOSPI,STOCK,N
001450,현대해상,KOSPI,STOCK,Y
001460,BYC,KOSPI,STOCK,N
001465,BYC우,KOSPI,STOCK,N
001470,삼부토건,KOSPI,STOCK,N
001480,TIGER 코리아휴머노이드로봇산업,KOSPI,STOCK,N
001500,KoAct 수소전력ESS인프라액티브,KOSPI,STOCK,N
001510,KODEX 미국AI반도체TOP3플러스,KOSPI,STOCK,N
001515,SK증권우,KOSPI,STOCK,N
001520,SOL 배당성향탑픽액티브,KOSPI,STOCK,N
001525,동양우,KOSPI,STOCK,N
001527,동양2우B,KOSPI,STOCK,N
001530,PLUS 미국고배당주액티브,KOSPI,STOCK,N
001540,KoAct 차이나바이오헬스케어액티브,KOSPI,STOCK,N
001550,HANARO K휴머노이드테마TOP10,KOSPI,STOCK,N
001560,제일연마,KOSPI,STOCK,N
001570,금양,KOSPI,STOCK,N
001620,RISE 삼성전자SK하이닉스채권혼합50,KOSPI,STOCK,N
001630,KoAct 코스닥액티브,KOSPI,STOCK,N
001640,RISE 차이나AI반도체TOP4Plus,KOSPI,STOCK,N
001680,대상,KOSPI,STOCK,Y
001685,대상우,KOSPI,STOCK,N
001720,신영증권,KOSPI,STOCK,Y
001740,SK네트웍스,KOSPI,STOCK,N
001750,한양증권,KOSPI,STOCK,N
001755,한양증권우,KOSPI,STOCK,N
001770,SHD,KOSPI,STOCK,N
001780,알루코,KOSPI,STOCK,N
001790,대한제당,KOSPI,STOCK,N
001795,대한제당우,KOSPI,STOCK,N
001800,오리온홀딩스,KOSPI,STOCK,Y
001820,삼화콘덴서,KOSPI,STOCK,N
001940,KISCO홀딩스,KOSPI,STOCK,N
002020,코오롱,KOSPI,STOCK,N
002025,코오롱우,KOSPI,STOCK,N
002030,아세아,KOSPI,STOCK,N
002070,비비안,KOSPI,STOCK,N
002100,경농,KOSPI,STOCK,N
002140,고려산업,KOSPI,STOCK,N
002150,도화엔지니어링,KOSPI,STOCK,N
002170,삼양통상,KOSPI,STOCK,N
002200,한국수출포장,KOSPI,STOCK,N
002210,동성제약,KOSPI,STOCK,N
002220,한일철강,KOSPI,STOCK,N
002240,고려제강,KOSPI,STOCK,N
002310,아세아제지,KOSPI,STOCK,N
002320,한진,KOSPI,STOCK,N
002350,넥센타이어,KOSPI,STOCK,N
002355,넥센타이어1우B,KOSPI,STOCK,N
002360,SH에너지화학,KOSPI,STOCK,N
002380,KCC,KOSPI,STOCK,Y
002390,한독,KOSPI,STOCK,N
002410,범양건영,KOSPI,STOCK,N
002420,세기상사,KOSPI,STOCK,N
002450,삼익악기,KOSPI,STOCK,N
002460,HS화성,KOSPI,STOCK,N
002600,조흥,KOSPI,STOCK,N
002620,제일파마홀딩스,KOSPI,STOCK,N
002630,오리엔트바이오,KOSPI,STOCK,N
002690,동일제강,KOSPI,STOCK,N
002700,신일전자,KOSPI,STOCK,N
002710,TCC스틸,KOSPI,STOCK,N
002720,국제약품,KOSPI,STOCK,N
002760,보락,KOSPI,STOCK,N
002780,진흥기업,KOSPI,STOCK,N
002785,진흥기업우B,KOSPI,STOCK,N
002787,진흥기업2우B,KOSPI,STOCK,N
002790,아모레퍼시픽홀딩스,KOSPI,STOCK,Y
002795,아모레퍼시픽홀딩스우,KOSPI,STOCK,N
002810,삼영무역,KOSPI,STOCK,N
002820,SUN&L,KOSPI,STOCK,N
002826,삼성물산우B,KOSPI,STOCK,N
002840,미원상사,KOSPI,STOCK,N
002870,신풍,KOSPI,STOCK,N
002880,대유에이텍,KOSPI,STOCK,N
002900,TYM,KOSPI,STOCK,N
002920,유성기업,KOSPI,STOCK,N
002960,한국쉘석유,KOSPI,STOCK,N
002990,금호건설,KOSPI,STOCK,N
002995,금호건설우,KOSPI,STOCK,N
003000,부광약품,KOSPI,STOCK,N
003010,혜인,KOSPI,STOCK,N
003030,세아제강지주,KOSPI,STOCK,Y
003060,에이프로젠바이오로직스,KOSPI,STOCK,N
003070,코오롱글로벌,KOSPI,STOCK,N
003075,코오롱글로벌우,KOSPI,STOCK,N
003080,SB성보,KOSPI,STOCK,N
003090,대웅,KOSPI,STOCK,Y
003120,일성아이에스,KOSPI,STOCK,N
003160,디아이,KOSPI,STOCK,N
003200,일신방직,KOSPI,STOCK,N
003220,대원제약,KOSPI,STOCK,N
003230,삼양식품,KOSPI,STOCK,Y
003240,태광산업,KOSPI,STOCK,Y
003280,흥아해운,KOSPI,STOCK,N
003300,한일홀딩스,KOSPI,STOCK,N
003350,한국화장품제조,KOSPI,STOCK,N
003460,유화증권,KOSPI,STOCK,N
003465,유화증권우,KOSPI,STOCK,N
003470,유안타증권,KOSPI,STOCK,N
003473,SK우,KOSPI,STOCK,N
003475,유안타증권우,KOSPI,STOCK,N
003480,한진중공업홀딩스,KOSPI,STOCK,N
003490,대한항공,KOSPI,STOCK,Y
003495,대한항공우,KOSPI,STOCK,N
003520,영진약품,KOSPI,STOCK,N
003530,한화투자증권,KOSPI,STOCK,Y
003535,한화투자증권우,KOSPI,STOCK,N
003540,대신증권,KOSPI,STOCK,Y
003545,대신증권우,KOSPI,STOCK,N
003547,대신증권2우B,KOSPI,STOCK,N
003550,LG,KOSPI,STOCK,Y
003555,LG우,KOSPI,STOCK,N
003570,SNT다이내믹스,KOSPI,STOCK,Y
003580,HLB글로벌,KOSPI,STOCK,N
003610,방림,KOSPI,STOCK,N
003620,KG모빌리티,KOSPI,STOCK,N
0036221,KG모빌리티 122WR,KOSPI,STOCK,N
003650,미창석유,KOSPI,STOCK,N
003670,포스코퓨처엠,KOSPI,STOCK,Y
003680,한성기업,KOSPI,STOCK,N
003690,코리안리,KOSPI,STOCK,Y
003720,삼영,KOSPI,STOCK,N
003780,진양산업,KOSPI,STOCK,N
003830,대한화섬,KOSPI,STOCK,N
003850,보령,KOSPI,STOCK,N
003920,남양유업,KOSPI,STOCK,N
003925,남양유업우,KOSPI,STOCK,N
003960,사조대림,KOSPI,STOCK,N
004000,롯데정밀화학,KOSPI,STOCK,Y
004020,현대제철,KOSPI,STOCK,Y
004060,SG세계물산,KOSPI,STOCK,N
004080,신흥,KOSPI,STOCK,N
004090,한국석유,KOSPI,STOCK,N
004100,태양금속,KOSPI,STOCK,N
004105,태양금속우,KOSPI,STOCK,N
004140,동방,KOSPI,STOCK,N
004150,한솔홀딩스,KOSPI,STOCK,N
004170,신세계,KOSPI,STOCK,Y
004250,NPC,KOSPI,STOCK,N
004255,NPC우,KOSPI,STOCK,N
004270,남성,KOSPI,STOCK,N
004310,현대약품,KOSPI,STOCK,N
004360,세방,KOSPI,STOCK,N
004365,세방우,KOSPI,STOCK,N
004370,농심,KOSPI,STOCK,Y
004380,삼익THK,KOSPI,STOCK,N
004410,서울식품,KOSPI,STOCK,N
004415,서울식품우,KOSPI,STOCK,N
004430,송원산업,KOSPI,STOCK,N
004440,삼일씨엔에스,KOSPI,STOCK,N
004450,삼화왕관,KOSPI,STOCK,N
004490,세방전지,KOSPI,STOCK,Y
004540,깨끗한나라,KOSPI,STOCK,N
004545,깨끗한나라우,KOSPI,STOCK,N
004560,현대비앤지스틸,KOSPI,STOCK,N
004690,삼천리,KOSPI,STOCK,N
004700,조광피혁,KOSPI,STOCK,N
004710,한솔테크닉스,KOSPI,STOCK,N
004720,팜젠사이언스,KOSPI,STOCK,N
004770,써니전자,KOSPI,STOCK,N
004800,효성,KOSPI,STOCK,Y
004830,덕성,KOSPI,STOCK,N
004835,덕성우,KOSPI,STOCK,N
004840,DRB동일,KOSPI,STOCK,N
004870,티웨이홀딩스,KOSPI,STOCK,N
004890,동일산업,KOSPI,STOCK,N
004910,조광페인트,KOSPI,STOCK,N
004920,씨아이테크,KOSPI,STOCK,N
004960,한신공영,KOSPI,STOCK,N
004970,신라교역,KOSPI,STOCK,N
004980,성신양회,KOSPI,STOCK,N
004985,성신양회우,KOSPI,STOCK,N
004990,롯데지주,KOSPI,STOCK,Y
005010,휴스틸,KOSPI,STOCK,N
005030,부산주공,KOSPI,STOCK,N
005070,코스모신소재,KOSPI,STOCK,Y
005090,SGC에너지,KOSPI,STOCK,N
005110,한창,KOSPI,STOCK,N
005180,빙그레,KOSPI,STOCK,Y
005250,녹십자홀딩스,KOSPI,STOCK,N
005257,녹십자홀딩스2우,KOSPI,STOCK,N
005300,롯데칠성,KOSPI,STOCK,Y
005305,롯데칠성우,KOSPI,STOCK,N
005320,온타이드,KOSPI,STOCK,N
005360,모나미,KOSPI,STOCK,N
005380,현대차,KOSPI,STOCK,Y
005385,현대차우,KOSPI,STOCK,N
005387,현대차2우B,KOSPI,STOCK,N
005389,현대차3우B,KOSPI,STOCK,N
005420,코스모화학,KOSPI,STOCK,N
005430,한국공항,KOSPI,STOCK,N
005440,현대지에프홀딩스,KOSPI,STOCK,Y
005490,POSCO홀딩스,KOSPI,STOCK,Y
005500,삼진제약,KOSPI,STOCK,N
005610,SPC삼립,KOSPI,STOCK,N
005680,삼영전자,KOSPI,STOCK,N
005690,파미셀,KOSPI,STOCK,N
005720,넥센,KOSPI,STOCK,N
005725,넥센우,KOSPI,STOCK,N
005740,크라운해태홀딩스,KOSPI,STOCK,N
005745,크라운해태홀딩스우,KOSPI,STOCK,N
005750,대림바스,KOSPI,STOCK,N
005800,신영와코루,KOSPI,STOCK,N
005810,풍산홀딩스,KOSPI,STOCK,N
005820,원림,KOSPI,STOCK,N
005830,DB손해보험,KOSPI,STOCK,Y
005850,에스엘,KOSPI,STOCK,Y
005870,휴니드,KOSPI,STOCK,N
005880,대한해운,KOSPI,STOCK,N
005930,삼성전자,KOSPI,STOCK,Y
005935,삼성전자우,KOSPI,STOCK,N
005940,NH투자증권,KOSPI,STOCK,Y
005945,NH투자증권우,KOSPI,STOCK,N
005950,이수화학,KOSPI,STOCK,N
005960,동부건설,KOSPI,STOCK,N
005965,동부건설우,KOSPI,STOCK,N
006040,동원산업,KOSPI,STOCK,Y
006060,화승인더,KOSPI,STOCK,N
006090,사조오양,KOSPI,STOCK,N
006110,삼아알미늄,KOSPI,STOCK,N
006120,SK디스커버리,KOSPI,STOCK,Y
006125,SK디스커버리우,KOSPI,STOCK,N
006200,한국전자홀딩스,KOSPI,STOCK,N
006220,제주은행,KOSPI,STOCK,N
006260,LS,KOSPI,STOCK,Y
006280,녹십자,KOSPI,STOCK,Y
006340,대원전선,KOSPI,STOCK,N
006345,대원전선우,KOSPI,STOCK,N
006360,GS건설,KOSPI,STOCK,Y
006370,대구백화점,KOSPI,STOCK,N
006380,카프로,KOSPI,STOCK,N
006400,삼성SDI,KOSPI,STOCK,Y
006405,삼성SDI우,KOSPI,STOCK,N
006490,인스코비,KOSPI,STOCK,N
006570,대림통상,KOSPI,STOCK,N
006650,대한유화,KOSPI,STOCK,N
006660,삼성공조,KOSPI,STOCK,N
006740,블루산업개발,KOSPI,STOCK,N
006800,미래에셋증권,KOSPI,STOCK,Y
006805,미래에셋증권우,KOSPI,STOCK,N
006840,AK홀딩스,KOSPI,STOCK,N
006880,신송홀딩스,KOSPI,STOCK,N
006890,태경케미컬,KOSPI,STOCK,N
006980,우성,KOSPI,STOCK,N
007070,GS리테일,KOSPI,STOCK,Y
007110,일신석재,KOSPI,STOCK,N
007120,미래아이앤지,KOSPI,STOCK,N
007160,사조산업,KOSPI,STOCK,N
007210,벽산,KOSPI,STOCK,N
007280,한국특강,KOSPI,STOCK,N
007310,오뚜기,KOSPI,STOCK,Y
007340,DN오토모티브,KOSPI,STOCK,Y
007460,에이프로젠,KOSPI,STOCK,N
007540,샘표,KOSPI,STOCK,N
007570,일양약품,KOSPI,STOCK,N
007575,일양약품우,KOSPI,STOCK,N
007590,동방아그로,KOSPI,STOCK,N
007610,선도전기,KOSPI,STOCK,N
007660,이수페타시스,KOSPI,STOCK,Y
007690,국도화학,KOSPI,STOCK,N
007700,F&F홀딩스,KOSPI,STOCK,N
007810,코리아써키트,KOSPI,STOCK,N
007815,코리아써우,KOSPI,STOCK,N
007860,서연,KOSPI,STOCK,N
007980,TP,KOSPI,STOCK,N
008040,사조동아원,KOSPI,STOCK,N
008060,대덕,KOSPI,STOCK,N
008110,대동전자,KOSPI,STOCK,N
008250,이건산업,KOSPI,STOCK,N
008260,NI스틸,KOSPI,STOCK,N
008350,남선알미늄,KOSPI,STOCK,N
008355,남선알미우,KOSPI,STOCK,N
008420,문배철강,KOSPI,STOCK,N
008490,서흥,KOSPI,STOCK,N
008500,일정실업,KOSPI,STOCK,N
008600,윌비스,KOSPI,STOCK,N
008700,아남전자,KOSPI,STOCK,N
008730,율촌화학,KOSPI,STOCK,N
008770,호텔신라,KOSPI,STOCK,Y
008775,호텔신라우,KOSPI,STOCK,N
008870,금비,KOSPI,STOCK,N
008930,한미사이언스,KOSPI,STOCK,Y
008970,KBI동양철관,KOSPI,STOCK,N
009070,KCTC,KOSPI,STOCK,N
009140,경인전자,KOSPI,STOCK,N
009150,삼성전기,KOSPI,STOCK,Y
009155,삼성전기우,KOSPI,STOCK,N
009160,SIMPAC,KOSPI,STOCK,N
009180,한솔로지스틱스,KOSPI,STOCK,N
009190,대양금속,KOSPI,STOCK,N
009200,무림페이퍼,KOSPI,STOCK,N
009240,한샘,KOSPI,STOCK,Y
009270,신원,KOSPI,STOCK,N
009290,광동제약,KOSPI,STOCK,N
009310,참엔지니어링,KOSPI,STOCK,N
009320,아진전자부품,KOSPI,STOCK,N
009410,태영건설,KOSPI,STOCK,N
009415,태영건설우,KOSPI,STOCK,N
009420,한올바이오파마,KOSPI,STOCK,Y
009440,KC그린홀딩스,KOSPI,STOCK,N
009450,경동나비엔,KOSPI,STOCK,Y
009460,한창제지,KOSPI,STOCK,N
009470,삼화전기,KOSPI,STOCK,N
009540,HD한국조선해양,KOSPI,STOCK,Y
009580,무림P&P,KOSPI,STOCK,N
009680,모토닉,KOSPI,STOCK,N
009770,삼정펄프,KOSPI,STOCK,N
009810,플레이그램,KOSPI,STOCK,N
009830,한화솔루션,KOSPI,STOCK,Y
009835,한화솔루션우,KOSPI,STOCK,N
009900,명신산업,KOSPI,STOCK,N
009970,영원무역홀딩스,KOSPI,STOCK,Y
010040,한국내화,KOSPI,STOCK,N
010060,OCI홀딩스,KOSPI,STOCK,Y
010100,한국무브넥스,KOSPI,STOCK,N
010120,LS ELECTRIC,KOSPI,STOCK,Y
010130,고려아연,KOSPI,STOCK,Y
010140,삼성중공업,KOSPI,STOCK,Y
010400,우진아이엔에스,KOSPI,STOCK,N
010580,에스엠벡셀,KOSPI,STOCK,N
010640,진양폴리,KOSPI,STOCK,N
010660,화천기계,KOSPI,STOCK,N
010690,화신,KOSPI,STOCK,N
010770,평화홀딩스,KOSPI,STOCK,N
010780,아이에스동서,KOSPI,STOCK,N
010820,퍼스텍,KOSPI,STOCK,N
010950,S-Oil,KOSPI,STOCK,Y
010955,S-Oil우,KOSPI,STOCK,N
010960,삼호개발,KOSPI,STOCK,N
011000,진원생명과학,KOSPI,STOCK,N
011070,LG이노텍,KOSPI,STOCK,Y
011090,에넥스,KOSPI,STOCK,N
011150,CJ씨푸드,KOSPI,STOCK,N
011155,CJ씨푸드1우,KOSPI,STOCK,N
011170,롯데케미칼,KOSPI,STOCK,Y
011200,HMM,KOSPI,STOCK,Y
011210,현대위아,KOSPI,STOCK,Y
011230,삼화전자,KOSPI,STOCK,N
011280,태림포장,KOSPI,STOCK,N
011300,성안머티리얼스,KOSPI,STOCK,N
011330,유니켐,KOSPI,STOCK,N
0113321,유니켐 41WR,KOSPI,STOCK,N
011390,부산산업,KOSPI,STOCK,N
011420,갤럭시아에스엠,KOSPI,STOCK,N
011500,한농화성,KOSPI,STOCK,N
011690,와이투솔루션,KOSPI,STOCK,N
011700,한신기계,KOSPI,STOCK,N
011760,현대코퍼레이션,KOSPI,STOCK,N
011780,금호석유화학,KOSPI,STOCK,Y
011785,금호석유화학우,KOSPI,STOCK,N
011790,SKC,KOSPI,STOCK,Y
011810,STX,KOSPI,STOCK,N
011930,신성이엔지,KOSPI,STOCK,N
012030,DB,KOSPI,STOCK,N
012160,영흥,KOSPI,STOCK,N
012170,아센디오,KOSPI,STOCK,N
012200,계양전기,KOSPI,STOCK,N
012205,계양전기우,KOSPI,STOCK,N
012280,영화금속,KOSPI,STOCK,N
012320,경동인베스트,KOSPI,STOCK,N
012330,현대모비스,KOSPI,STOCK,Y
012450,한화에어로스페이스,KOSPI,STOCK,Y
012510,더존비즈온,KOSPI,STOCK,Y
012610,경인양행,KOSPI,STOCK,N
012630,HDC,KOSPI,STOCK,Y
012690,모나리자,KOSPI,STOCK,N
012750,에스원,KOSPI,STOCK,Y
012800,대창,KOSPI,STOCK,N
013000,세우글로벌,KOSPI,STOCK,N
013360,일성건설,KOSPI,STOCK,N
013520,화승코퍼레이션,KOSPI,STOCK,N
013570,디와이,KOSPI,STOCK,N
013580,계룡건설,KOSPI,STOCK,N
013700,까뮤이앤씨,KOSPI,STOCK,N
013870,지엠비코리아,KOSPI,STOCK,N
013890,지누스,KOSPI,STOCK,N
014130,한익스프레스,KOSPI,STOCK,N
014160,대영포장,KOSPI,STOCK,N
014280,금강공업,KOSPI,STOCK,N
014285,금강공업우,KOSPI,STOCK,N
014440,영보화학,KOSPI,STOCK,N
014530,극동유화,KOSPI,STOCK,N
014580,태경비케이,KOSPI,STOCK,N
014680,한솔케미칼,KOSPI,STOCK,Y
014710,사조씨푸드,KOSPI,STOCK,N
014790,HL D&I,KOSPI,STOCK,N
014820,동원시스템즈,KOSPI,STOCK,N
014825,동원시스템즈우,KOSPI,STOCK,N
014830,유니드,KOSPI,STOCK,N
014910,성문전자,KOSPI,STOCK,N
014915,성문전자우,KOSPI,STOCK,N
014990,인디에프,KOSPI,STOCK,N
015020,이스타코,KOSPI,STOCK,N
015230,대창단조,KOSPI,STOCK,N
015260,에이엔피,KOSPI,STOCK,N
015360,INVENI,KOSPI,STOCK,N
015590,DKME,KOSPI,STOCK,N
015760,한국전력,KOSPI,STOCK,Y
015860,일진홀딩스,KOSPI,STOCK,N
015890,태경산업,KOSPI,STOCK,N
016090,대현,KOSPI,STOCK,N
016360,삼성증권,KOSPI,STOCK,Y
016380,KG스틸,KOSPI,STOCK,N
016450,한세예스24홀딩스,KOSPI,STOCK,N
016580,환인제약,KOSPI,STOCK,N
016590,신대양제지,KOSPI,STOCK,N
016610,DB증권,KOSPI,STOCK,N
016710,대성홀딩스,KOSPI,STOCK,N
016740,두올,KOSPI,STOCK,N
016800,퍼시스,KOSPI,STOCK,N
016880,웅진,KOSPI,STOCK,N
017040,광명전기,KOSPI,STOCK,N
017180,명문제약,KOSPI,STOCK,N
017370,우신시스템,KOSPI,STOCK,N
017390,서울가스,KOSPI,STOCK,N
017550,수산세보틱스,KOSPI,STOCK,N
017670,SK텔레콤,KOSPI,STOCK,Y
017800,현대엘리베이터,KOSPI,STOCK,Y
017810,풀무원,KOSPI,STOCK,N
017860,DS단석,KOSPI,STOCK,N
017900,광전자,KOSPI,STOCK,N
017940,E1,KOSPI,STOCK,N
017960,한국카본,KOSPI,STOCK,Y
0180021,유니슨 15WR,KOSPI,STOCK,N
018064,한진칼우,KOSPI,STOCK,N
018250,애경산업,KOSPI,STOCK,N
018260,삼성에스디에스,KOSPI,STOCK,Y
018470,조일알미늄,KOSPI,STOCK,N
018500,동원금속,KOSPI,STOCK,N
018670,SK가스,KOSPI,STOCK,Y
018880,한온시스템,KOSPI,STOCK,Y
019170,신풍제약,KOSPI,STOCK,N
019175,신풍제약우,KOSPI,STOCK,N
019180,티에이치엔,KOSPI,STOCK,N
019490,엑시큐어하이트론,KOSPI,STOCK,N
019680,대교,KOSPI,STOCK,N
019685,대교우B,KOSPI,STOCK,N
020000,한섬,KOSPI,STOCK,N
020120,키다리스튜디오,KOSPI,STOCK,N
020150,롯데에너지머티리얼즈,KOSPI,STOCK,Y
020560,아시아나항공,KOSPI,STOCK,N
020760,일진디스플,KOSPI,STOCK,N
021050,서원,KOSPI,STOCK,N
021240,코웨이,KOSPI,STOCK,Y
021820,세원정공,KOSPI,STOCK,N
022100,포스코DX,KOSPI,STOCK,Y
023000,삼원강재,KOSPI,STOCK,N
023150,MH에탄올,KOSPI,STOCK,N
023350,한국종합기술,KOSPI,STOCK,N
023450,동남합성,KOSPI,STOCK,N
023530,롯데쇼핑,KOSPI,STOCK,Y
023590,다우기술,KOSPI,STOCK,Y
023800,인지컨트롤스,KOSPI,STOCK,N
023810,인팩,KOSPI,STOCK,N
023960,에쓰씨엔지니어링,KOSPI,STOCK,N
024070,WISCOM,KOSPI,STOCK,N
024090,디씨엠,KOSPI,STOCK,N
024110,기업은행,KOSPI,STOCK,Y
024720,콜마홀딩스,KOSPI,STOCK,N
024890,대원화성,KOSPI,STOCK,N
024900,디와이덕양,KOSPI,STOCK,N
025000,KPX케미칼,KOSPI,STOCK,N
025530,SJM홀딩스,KOSPI,STOCK,N
025540,한국단자,KOSPI,STOCK,N
025560,미래산업,KOSPI,STOCK,N
025620,차AI헬스케어,KOSPI,STOCK,N
025750,한솔홈데코,KOSPI,STOCK,N
025820,이구산업,KOSPI,STOCK,N
025860,남해화학,KOSPI,STOCK,N
025890,한국주강,KOSPI,STOCK,N
026490,크라운제과우,KOSPI,STOCK,N
026890,스틱인베스트먼트,KOSPI,STOCK,N
026940,부국철강,KOSPI,STOCK,N
026960,동서,KOSPI,STOCK,Y
027410,BGF,KOSPI,STOCK,N
027740,마니커,KOSPI,STOCK,N
027970,한국제지,KOSPI,STOCK,N
028050,삼성E&A,KOSPI,STOCK,Y
028100,동아지질,KOSPI,STOCK,N
028260,삼성물산,KOSPI,STOCK,Y
028513,SK케미칼우,KOSPI,STOCK,N
028670,팬오션,KOSPI,STOCK,Y
029460,케이씨,KOSPI,STOCK,N
029530,신도리코,KOSPI,STOCK,N
029780,삼성카드,KOSPI,STOCK,Y
030000,제일기획,KOSPI,STOCK,Y
030190,NICE평가정보,KOSPI,STOCK,N
030200,KT,KOSPI,STOCK,Y
030210,다올투자증권,KOSPI,STOCK,N
030610,교보증권,KOSPI,STOCK,Y
030720,동원수산,KOSPI,STOCK,N
031210,서울보증보험,KOSPI,STOCK,Y
031430,신세계인터내셔날,KOSPI,STOCK,N
031440,신세계푸드,KOSPI,STOCK,N
031820,아이티센씨티에스,KOSPI,STOCK,N
032350,롯데관광개발,KOSPI,STOCK,Y
032560,황금에스티,KOSPI,STOCK,N
032640,LG유플러스,KOSPI,STOCK,Y
032830,삼성생명,KOSPI,STOCK,Y
033240,자화전자,KOSPI,STOCK,N
033250,체시스,KOSPI,STOCK,N
033270,유나이티드제약,KOSPI,STOCK,N
033530,SJG세종,KOSPI,STOCK,N
033626,두산퓨얼셀2우B,KOSPI,STOCK,N
033637,솔루스첨단소재2우B,KOSPI,STOCK,N
033780,KT&G,KOSPI,STOCK,Y
033920,무학,KOSPI,STOCK,N
034020,두산에너빌리티,KOSPI,STOCK,Y
034120,SBS,KOSPI,STOCK,N
034220,LG디스플레이,KOSPI,STOCK,Y
034230,파라다이스,KOSPI,STOCK,Y
034310,NICE,KOSPI,STOCK,N
034590,인천도시가스,KOSPI,STOCK,N
034730,SK,KOSPI,STOCK,Y
034830,한국토지신탁,KOSPI,STOCK,N
035000,HS애드,KOSPI,STOCK,N
035150,백산,KOSPI,STOCK,N
035250,강원랜드,KOSPI,STOCK,Y
035320,대덕전자1우,KOSPI,STOCK,N
035420,NAVER,KOSPI,STOCK,Y
035510,신세계 I&C,KOSPI,STOCK,N
035720,카카오,KOSPI,STOCK,Y
036328,티와이홀딩스우,KOSPI,STOCK,N
036420,콘텐트리중앙,KOSPI,STOCK,N
036460,한국가스공사,KOSPI,STOCK,Y
036530,SNT홀딩스,KOSPI,STOCK,N
036570,엔씨소프트,KOSPI,STOCK,Y
036580,팜스코,KOSPI,STOCK,N
037270,YG PLUS,KOSPI,STOCK,N
037550,DL이앤씨2우(전환),KOSPI,STOCK,N
037560,LG헬로비전,KOSPI,STOCK,N
037710,광주신세계,KOSPI,STOCK,N
038380,LX홀딩스1우,KOSPI,STOCK,N
039130,하나투어,KOSPI,STOCK,Y
039490,키움증권,KOSPI,STOCK,Y
039570,HDC랩스,KOSPI,STOCK,N
041650,상신브레이크,KOSPI,STOCK,N
042660,한화오션,KOSPI,STOCK,Y
042700,한미반도체,KOSPI,STOCK,Y
044380,주연테크,KOSPI,STOCK,N
044450,KSS해운,KOSPI,STOCK,N
044820,코스맥스비티아이,KOSPI,STOCK,N
045226,한화갤러리아우,KOSPI,STOCK,N
047040,대우건설,KOSPI,STOCK,Y
047050,포스코인터내셔널,KOSPI,STOCK,Y
047400,유니온머티리얼,KOSPI,STOCK,N
047810,한국항공우주,KOSPI,STOCK,Y
049800,우진플라임,KOSPI,STOCK,N
051600,한전KPS,KOSPI,STOCK,Y
051630,진양화학,KOSPI,STOCK,N
051900,LG생활건강,KOSPI,STOCK,Y
051905,LG생활건강우,KOSPI,STOCK,N
051910,LG화학,KOSPI,STOCK,Y
051915,LG화학우,KOSPI,STOCK,N
052690,한전기술,KOSPI,STOCK,Y
053210,스카이라이프,KOSPI,STOCK,N
053690,한미글로벌,KOSPI,STOCK,N
055490,테이팩스,KOSPI,STOCK,N
055550,신한지주,KOSPI,STOCK,Y
057050,현대홈쇼핑,KOSPI,STOCK,N
058430,포스코스틸리온,KOSPI,STOCK,N
058650,세아홀딩스,KOSPI,STOCK,N
058730,다스코,KOSPI,STOCK,N
058850,KTcs,KOSPI,STOCK,N
058860,KTis,KOSPI,STOCK,N
060980,HL홀딩스,KOSPI,STOCK,N
062040,산일전기,KOSPI,STOCK,Y
063160,종근당바이오,KOSPI,STOCK,N
064350,현대로템,KOSPI,STOCK,Y
064400,LG씨엔에스,KOSPI,STOCK,Y
064960,SNT모티브,KOSPI,STOCK,N
066570,LG전자,KOSPI,STOCK,Y
066575,LG전자우,KOSPI,STOCK,N
066970,엘앤에프,KOSPI,STOCK,Y
0669721,엘앤에프 7WR,KOSPI,STOCK,N
0671721,오텍 13WR,KOSPI,STOCK,N
067830,세이브존I&C,KOSPI,STOCK,N
068270,셀트리온,KOSPI,STOCK,Y
068290,삼성출판사,KOSPI,STOCK,N
069260,TKG휴켐스,KOSPI,STOCK,N
069460,대호에이엘,KOSPI,STOCK,N
069500,KODEX 200,KOSPI,STOCK,N
069620,대웅제약,KOSPI,STOCK,Y
069640,한세엠케이,KOSPI,STOCK,N
069660,KIWOOM 200,KOSPI,STOCK,N
069730,DSR제강,KOSPI,STOCK,N
069960,현대백화점,KOSPI,STOCK,Y
070960,모나용평,KOSPI,STOCK,N
071050,한국금융지주,KOSPI,STOCK,Y
071055,한국금융지주우,KOSPI,STOCK,N
071090,하이스틸,KOSPI,STOCK,N
071320,지역난방공사,KOSPI,STOCK,Y
071840,롯데하이마트,KOSPI,STOCK,N
071950,코아스,KOSPI,STOCK,N
071970,HD현대마린엔진,KOSPI,STOCK,Y
072130,유엔젤,KOSPI,STOCK,N
072710,농심홀딩스,KOSPI,STOCK,N
073240,금호타이어,KOSPI,STOCK,Y
074201,하나대체미국부동산1호 A,KOSPI,STOCK,N
074202,하나대체미국부동산1호 C-I,KOSPI,STOCK,N
074401,맵스미국16호 종류A,KOSPI,STOCK,N
074610,이엔플러스,KOSPI,STOCK,N
075180,새론오토모티브,KOSPI,STOCK,N
075580,세진중공업,KOSPI,STOCK,N
077500,유니퀘스트,KOSPI,STOCK,N
077970,STX엔진,KOSPI,STOCK,Y
078000,텔코웨어,KOSPI,STOCK,N
078520,에이블씨엔씨,KOSPI,STOCK,N
078930,GS,KOSPI,STOCK,Y
078935,GS우,KOSPI,STOCK,N
079160,CJ CGV,KOSPI,STOCK,N
079430,현대리바트,KOSPI,STOCK,N
079550,LIG넥스원,KOSPI,STOCK,Y
079900,전진건설로봇,KOSPI,STOCK,N
079980,휴비스,KOSPI,STOCK,N
081000,일진다이아,KOSPI,STOCK,N
081660,미스토홀딩스,KOSPI,STOCK,Y
082640,동양생명,KOSPI,STOCK,N
082740,한화엔진,KOSPI,STOCK,Y
083420,그린케미칼,KOSPI,STOCK,N
084010,대한제강,KOSPI,STOCK,N
084670,동양고속,KOSPI,STOCK,N
084680,이월드,KOSPI,STOCK,N
084690,대상홀딩스,KOSPI,STOCK,N
084695,대상홀딩스우,KOSPI,STOCK,N
084870,TBH글로벌,KOSPI,STOCK,N
085310,엔케이,KOSPI,STOCK,N
085620,미래에셋생명,KOSPI,STOCK,N
086280,현대글로비스,KOSPI,STOCK,Y
086790,하나금융지주,KOSPI,STOCK,Y
088260,이리츠코크렙,KOSPI,STOCK,N
088350,한화생명,KOSPI,STOCK,Y
088790,진도,KOSPI,STOCK,N
088980,맥쿼리인프라,KOSPI,STOCK,N
089470,HDC현대EP,KOSPI,STOCK,N
089590,제주항공,KOSPI,STOCK,N
089860,롯데렌탈,KOSPI,STOCK,N
090080,평화산업,KOSPI,STOCK,N
090350,노루페인트,KOSPI,STOCK,N
090355,노루페인트우,KOSPI,STOCK,N
090370,메타랩스,KOSPI,STOCK,N
090430,아모레퍼시픽,KOSPI,STOCK,Y
090435,아모레퍼시픽우,KOSPI,STOCK,N
090460,비에이치,KOSPI,STOCK,N
091160,KODEX 반도체,KOSPI,STOCK,N
091170,KODEX 은행,KOSPI,STOCK,N
091180,KODEX 자동차,KOSPI,STOCK,N
091220,TIGER 은행,KOSPI,STOCK,N
091230,TIGER 반도체,KOSPI,STOCK,N
091810,티웨이항공,KOSPI,STOCK,N
092200,디아이씨,KOSPI,STOCK,N
092220,KEC,KOSPI,STOCK,N
092230,KPX홀딩스,KOSPI,STOCK,N
092440,기신정기,KOSPI,STOCK,N
092780,DYP,KOSPI,STOCK,N
092790,넥스틸,KOSPI,STOCK,N
093050,LF,KOSPI,STOCK,N
093240,형지엘리트,KOSPI,STOCK,N
093370,후성,KOSPI,STOCK,N
094280,효성ITX,KOSPI,STOCK,N
094800,맵스리얼티,KOSPI,STOCK,N
095570,AJ네트웍스,KOSPI,STOCK,N
095720,웅진씽크빅,KOSPI,STOCK,N
096760,JW홀딩스,KOSPI,STOCK,N
096770,SK이노베이션,KOSPI,STOCK,Y
096775,SK이노베이션우,KOSPI,STOCK,N
097230,HJ중공업,KOSPI,STOCK,N
097520,엠씨넥스,KOSPI,STOCK,N
097950,CJ제일제당,KOSPI,STOCK,Y
097955,CJ제일제당 우,KOSPI,STOCK,N
099140,KODEX 차이나H,KOSPI,STOCK,N
100090,SK오션플랜트,KOSPI,STOCK,Y
100220,비상교육,KOSPI,STOCK,N
100250,진양홀딩스,KOSPI,STOCK,N
100840,SNT에너지,KOSPI,STOCK,Y
100910,KIWOOM KRX100,KOSPI,STOCK,N
101140,인바이오젠,KOSPI,STOCK,N
101280,KODEX 일본TOPIX100,KOSPI,STOCK,N
101530,해태제과식품,KOSPI,STOCK,N
102110,TIGER 200,KOSPI,STOCK,N
102260,동성케미컬,KOSPI,STOCK,N
102460,이연제약,KOSPI,STOCK,N
102780,KODEX 삼성그룹,KOSPI,STOCK,N
102960,KODEX 기계장비,KOSPI,STOCK,N
102970,KODEX 증권,KOSPI,STOCK,N
103140,풍산,KOSPI,STOCK,Y
103590,일진전기,KOSPI,STOCK,Y
104520,KIWOOM 블루칩,KOSPI,STOCK,N
104530,KIWOOM 고배당,KOSPI,STOCK,N
104700,한국철강,KOSPI,STOCK,N
105010,TIGER 라틴35,KOSPI,STOCK,N
105190,ACE 200,KOSPI,STOCK,N
105560,KB금융,KOSPI,STOCK,Y
105630,한세실업,KOSPI,STOCK,N
105780,RISE 5대그룹주,KOSPI,STOCK,N
105840,우진,KOSPI,STOCK,N
107590,미원홀딩스,KOSPI,STOCK,N
108320,LX세미콘,KOSPI,STOCK,Y
108450,ACE 삼성그룹섹터가중,KOSPI,STOCK,N
108590,TREX 200,KOSPI,STOCK,N
108670,LX하우시스,KOSPI,STOCK,N
108675,LX하우시스우,KOSPI,STOCK,N
109070,주성코퍼레이션,KOSPI,STOCK,N
1099621,앱토크롬 6WR,KOSPI,STOCK,N
111110,호전실업,KOSPI,STOCK,N
111380,동인기연,KOSPI,STOCK,N
111770,영원무역,KOSPI,STOCK,Y
112610,씨에스윈드,KOSPI,STOCK,Y
114090,GKL,KOSPI,STOCK,Y
114100,RISE 국고채3년,KOSPI,STOCK,N
114260,KODEX 국고채3년,KOSPI,STOCK,N
114460,ACE 국고채3년,KOSPI,STOCK,N
114470,KIWOOM 국고채3년,KOSPI,STOCK,N
114800,KODEX 인버스,KOSPI,STOCK,N
114820,TIGER 국채3년,KOSPI,STOCK,N
117460,KODEX 에너지화학,KOSPI,STOCK,N
117580,대성에너지,KOSPI,STOCK,N
117680,KODEX 철강,KOSPI,STOCK,N
117690,TIGER 차이나항셍30,KOSPI,STOCK,N
117700,KODEX 건설,KOSPI,STOCK,N
118000,메타케어,KOSPI,STOCK,N
119650,KC코트렐,KOSPI,STOCK,N
120030,조선선재,KOSPI,STOCK,N
120110,코오롱인더,KOSPI,STOCK,Y
120115,코오롱인더우,KOSPI,STOCK,N
122090,PLUS 코스피50,KOSPI,STOCK,N
122260,KIWOOM 통안채1년,KOSPI,STOCK,N
122630,KODEX 레버리지,KOSPI,STOCK,N
122900,아이마켓코리아,KOSPI,STOCK,N
123310,TIGER 인버스,KOSPI,STOCK,N
123320,TIGER 레버리지,KOSPI,STOCK,N
123690,한국화장품,KOSPI,STOCK,N
123700,SJM,KOSPI,STOCK,N
123890,한국자산신탁,KOSPI,STOCK,N
126560,현대퓨처넷,KOSPI,STOCK,N
126720,수산인더스트리,KOSPI,STOCK,N
128820,대성산업,KOSPI,STOCK,N
128940,한미약품,KOSPI,STOCK,Y
129260,인터지스,KOSPI,STOCK,N
130660,한전산업,KOSPI,STOCK,N
130680,TIGER 원유선물Enhanced(H),KOSPI,STOCK,N
130730,KIWOOM 단기자금,KOSPI,STOCK,N
131890,ACE 삼성그룹동일가중,KOSPI,STOCK,N
132030,KODEX 골드선물(H),KOSPI,STOCK,N
133690,TIGER 미국나스닥100,KOSPI,STOCK,N
133820,화인베스틸,KOSPI,STOCK,N
134380,미원화학,KOSPI,STOCK,N
134790,시디즈,KOSPI,STOCK,N
136340,RISE 중기우량회사채,KOSPI,STOCK,N
136490,선진,KOSPI,STOCK,N
137310,에스디바이오센서,KOSPI,STOCK,Y
137610,TIGER 농산물선물Enhanced(H),KOSPI,STOCK,N
138040,메리츠금융지주,KOSPI,STOCK,Y
138230,KIWOOM 미국달러선물,KOSPI,STOCK,N
138490,코오롱ENP,KOSPI,STOCK,N
138520,TIGER 삼성그룹,KOSPI,STOCK,N
138530,TIGER LG그룹플러스,KOSPI,STOCK,N
138540,TIGER 현대차그룹플러스,KOSPI,STOCK,N
138910,KODEX 구리선물(H),KOSPI,STOCK,N
138920,KODEX 콩선물(H),KOSPI,STOCK,N
138930,BNK금융지주,KOSPI,STOCK,Y
139130,iM금융지주,KOSPI,STOCK,Y
139220,TIGER 200 건설,KOSPI,STOCK,N
139230,TIGER 200 중공업,KOSPI,STOCK,N
139240,TIGER 200 철강소재,KOSPI,STOCK,N
139250,TIGER 200 에너지화학,KOSPI,STOCK,N
139260,TIGER 200 IT,KOSPI,STOCK,N
139270,TIGER 200 금융,KOSPI,STOCK,N
139280,TIGER 경기방어,KOSPI,STOCK,N
139290,TIGER 200 경기소비재,KOSPI,STOCK,N
139320,TIGER 금은선물(H),KOSPI,STOCK,N
139480,이마트,KOSPI,STOCK,Y
139660,KIWOOM 미국달러선물인버스,KOSPI,STOCK,N
139990,아주스틸,KOSPI,STOCK,N
140570,RISE 수출주,KOSPI,STOCK,N
140580,RISE 우량업종대표주,KOSPI,STOCK,N
140700,KODEX 보험,KOSPI,STOCK,N
140710,KODEX 운송,KOSPI,STOCK,N
140910,에이리츠,KOSPI,STOCK,N
140950,파워 코스피100,KOSPI,STOCK,N
143210,핸즈코퍼레이션,KOSPI,STOCK,N
1432121,핸즈코퍼레이션 2WR,KOSPI,STOCK,N
143850,TIGER 미국S&P500선물(H),KOSPI,STOCK,N
143860,TIGER 헬스케어,KOSPI,STOCK,N
144600,KODEX 은선물(H),KOSPI,STOCK,N
145210,다이나믹디자인,KOSPI,STOCK,N
145270,케이탑리츠,KOSPI,STOCK,N
145670,ACE 인버스,KOSPI,STOCK,N
145720,덴티움,KOSPI,STOCK,N
145850,TREX 펀더멘탈 200,KOSPI,STOCK,N
145990,삼양사,KOSPI,STOCK,N
145995,삼양사우,KOSPI,STOCK,N
147970,TIGER 모멘텀,KOSPI,STOCK,N
148020,RISE 200,KOSPI,STOCK,N
148070,KIWOOM 국고채10년,KOSPI,STOCK,N
150460,TIGER 중국소비테마,KOSPI,STOCK,N
152100,PLUS 200,KOSPI,STOCK,N
152380,KODEX 국채선물10년,KOSPI,STOCK,N
152500,ACE 레버리지,KOSPI,STOCK,N
152550,한국ANKOR유전,KOSPI,STOCK,N
152870,파워 200,KOSPI,STOCK,N
153130,KODEX 단기채권,KOSPI,STOCK,N
153270,KIWOOM 코스피100,KOSPI,STOCK,N
155660,DSR,KOSPI,STOCK,N
156080,KODEX MSCI Korea,KOSPI,STOCK,N
157450,TIGER 단기통안채,KOSPI,STOCK,N
157490,TIGER 소프트웨어,KOSPI,STOCK,N
157500,TIGER 증권,KOSPI,STOCK,N
159800,마이티 코스피100,KOSPI,STOCK,N
160580,TIGER 구리실물,KOSPI,STOCK,N
161000,애경케미칼,KOSPI,STOCK,N
161390,한국타이어앤테크놀로지,KOSPI,STOCK,Y
161510,PLUS 고배당주,KOSPI,STOCK,N
161890,한국콜마,KOSPI,STOCK,Y
163560,동일고무벨트,KOSPI,STOCK,N
166400,TIGER 200커버드콜OTM,KOSPI,STOCK,N
167860,KIWOOM 국고채10년레버리지,KOSPI,STOCK,N
168580,ACE 중국본토CSI300,KOSPI,STOCK,N
169950,KODEX 차이나A50,KOSPI,STOCK,N
170900,동아에스티,KOSPI,STOCK,N
174350,TIGER 로우볼,KOSPI,STOCK,N
174360,RISE 중국본토대형주CSI100,KOSPI,STOCK,N
175330,JB금융지주,KOSPI,STOCK,Y
176950,KODEX 국채선물10년인버스,KOSPI,STOCK,N
178920,PI첨단소재,KOSPI,STOCK,N
180640,한진칼,KOSPI,STOCK,Y
181480,ACE 미국부동산리츠(합성 H),KOSPI,STOCK,N
181710,NHN,KOSPI,STOCK,N
182480,TIGER 미국MSCI리츠(합성 H),KOSPI,STOCK,N
182490,TIGER 단기선진하이일드(합성 H),KOSPI,STOCK,N
183190,아세아시멘트,KOSPI,STOCK,N
183700,RISE 채권혼합,KOSPI,STOCK,N
183710,RISE 주식혼합,KOSPI,STOCK,N
185680,KODEX 미국S&P바이오(합성),KOSPI,STOCK,N
185750,종근당,KOSPI,STOCK,Y
189400,PLUS 글로벌MSCI(합성 H),KOSPI,STOCK,N
190620,ACE 단기통안채,KOSPI,STOCK,N
192080,더블유게임즈,KOSPI,STOCK,Y
192090,TIGER 차이나CSI300,KOSPI,STOCK,N
192400,쿠쿠홀딩스,KOSPI,STOCK,N
192650,드림텍,KOSPI,STOCK,N
192720,파워 고배당저변동성,KOSPI,STOCK,N
192820,코스맥스,KOSPI,STOCK,Y
194370,제이에스코퍼레이션,KOSPI,STOCK,N
195870,해성디에스,KOSPI,STOCK,N
195920,TIGER 일본TOPIX(합성 H),KOSPI,STOCK,N
195930,TIGER 유로스탁스50(합성 H),KOSPI,STOCK,N
195970,PLUS 선진국MSCI(합성 H),KOSPI,STOCK,N
195980,PLUS 신흥국MSCI(합성 H),KOSPI,STOCK,N
196030,ACE 일본TOPIX레버리지(H),KOSPI,STOCK,N
196230,RISE 단기통안채,KOSPI,STOCK,N
200030,KODEX 미국S&P500산업재(합성),KOSPI,STOCK,N
200250,KIWOOM 인도Nifty50(합성),KOSPI,STOCK,N
200880,서연이화,KOSPI,STOCK,N
203780,TIGER 미국나스닥바이오,KOSPI,STOCK,N
204210,스타에스엠리츠,KOSPI,STOCK,N
204320,HL만도,KOSPI,STOCK,Y
204450,KODEX 차이나H레버리지(H),KOSPI,STOCK,N
204480,TIGER 차이나CSI300레버리지(합성),KOSPI,STOCK,N
205720,ACE 일본TOPIX인버스(합성 H),KOSPI,STOCK,N
207940,삼성바이오로직스,KOSPI,STOCK,Y
210540,디와이파워,KOSPI,STOCK,N
210780,TIGER 코스피고배당,KOSPI,STOCK,N
210980,SK디앤디,KOSPI,STOCK,N
211560,TIGER 배당성장,KOSPI,STOCK,N
211900,KODEX 코리아배당성장,KOSPI,STOCK,N
213500,한솔제지,KOSPI,STOCK,N
213610,KODEX 삼성그룹밸류,KOSPI,STOCK,N
213630,PLUS 미국다우존스고배당주(합성 H),KOSPI,STOCK,N
214320,이노션,KOSPI,STOCK,N
214330,금호에이치티,KOSPI,STOCK,N
214390,경보제약,KOSPI,STOCK,N
214420,토니모리,KOSPI,STOCK,N
214980,KODEX 단기채권PLUS,KOSPI,STOCK,N
215620,HK S&P코리아로우볼,KOSPI,STOCK,N
217590,티엠씨,KOSPI,STOCK,N
217770,TIGER 원유선물인버스(H),KOSPI,STOCK,N
217780,TIGER 차이나CSI300인버스(합성),KOSPI,STOCK,N
218420,KODEX 미국S&P500에너지(합성),KOSPI,STOCK,N
219390,RISE 미국S&P원유생산기업(합성 H),KOSPI,STOCK,N
219480,KODEX 미국S&P500선물(H),KOSPI,STOCK,N
219900,ACE 중국본토CSI300레버리지(합성),KOSPI,STOCK,N
220130,SOL 차이나강소기업CSI500(합성 H),KOSPI,STOCK,N
223190,KODEX 200가치저변동,KOSPI,STOCK,N
225030,TIGER 미국S&P500선물인버스(H),KOSPI,STOCK,N
225040,TIGER 미국S&P500레버리지(합성 H),KOSPI,STOCK,N
225050,TIGER 유로스탁스레버리지(합성 H),KOSPI,STOCK,N
225060,TIGER 이머징마켓MSCI레버리지(합성 H),KOSPI,STOCK,N
225130,ACE 골드선물 레버리지(합성 H),KOSPI,STOCK,N
225800,KIWOOM 미국달러선물레버리지,KOSPI,STOCK,N
226320,잇츠한불,KOSPI,STOCK,N
226380,ACE Fn성장소비주도주,KOSPI,STOCK,N
226490,KODEX 코스피,KOSPI,STOCK,N
226980,KODEX 200 중소형,KOSPI,STOCK,N
227540,TIGER 200 헬스케어,KOSPI,STOCK,N
227550,TIGER 200 산업재,KOSPI,STOCK,N
227560,TIGER 200 생활소비재,KOSPI,STOCK,N
227570,TIGER 우량가치,KOSPI,STOCK,N
227830,PLUS 코스피,KOSPI,STOCK,N
227840,현대코퍼레이션홀딩스,KOSPI,STOCK,N
228790,TIGER 화장품,KOSPI,STOCK,N
228800,TIGER 여행레저,KOSPI,STOCK,N
228810,TIGER 미디어컨텐츠,KOSPI,STOCK,N
228820,TIGER KTOP30,KOSPI,STOCK,N
229200,KODEX 코스닥150,KOSPI,STOCK,N
229640,LS에코에너지,KOSPI,STOCK,Y
229720,KODEX KTOP30,KOSPI,STOCK,N
230480,KIWOOM 미국달러선물인버스2X,KOSPI,STOCK,N
232080,TIGER 코스닥150,KOSPI,STOCK,N
233160,TIGER 코스닥150 레버리지,KOSPI,STOCK,N
233740,KODEX 코스닥150레버리지,KOSPI,STOCK,N
234080,JW생명과학,KOSPI,STOCK,N
234310,RISE V&S셀렉트밸류,KOSPI,STOCK,N
236350,TIGER 인도니프티50레버리지(합성),KOSPI,STOCK,N
237350,KODEX 코스피100,KOSPI,STOCK,N
237370,KODEX 코리아배당성장채권혼합,KOSPI,STOCK,N
237440,TIGER 경기방어채권혼합,KOSPI,STOCK,N
238670,PLUS 스마트베타Quality채권혼합,KOSPI,STOCK,N
238720,ACE 일본Nikkei225(H),KOSPI,STOCK,N
239660,PLUS 우량회사채50,KOSPI,STOCK,N
241180,TIGER 일본니케이225,KOSPI,STOCK,N
241390,RISE V&S셀렉트밸류채권혼합,KOSPI,STOCK,N
241560,두산밥캣,KOSPI,STOCK,Y
241590,화승엔터프라이즈,KOSPI,STOCK,N
243880,TIGER 200IT레버리지,KOSPI,STOCK,N
243890,TIGER 200에너지화학레버리지,KOSPI,STOCK,N
244580,KODEX 바이오,KOSPI,STOCK,N
244620,KODEX 모멘텀Plus,KOSPI,STOCK,N
244660,KODEX 퀄리티Plus,KOSPI,STOCK,N
244670,KODEX 밸류Plus,KOSPI,STOCK,N
244920,에이플러스에셋,KOSPI,STOCK,N
245340,TIGER 미국다우존스30,KOSPI,STOCK,N
245350,TIGER 유로스탁스배당30,KOSPI,STOCK,N
245360,TIGER 차이나HSCEI,KOSPI,STOCK,N
245710,ACE 베트남VN30(합성),KOSPI,STOCK,N
248070,솔루엠,KOSPI,STOCK,Y
248170,샘표식품,KOSPI,STOCK,N
248270,TIGER S&P글로벌헬스케어(합성),KOSPI,STOCK,N
249420,일동제약,KOSPI,STOCK,N
250730,RISE 차이나HSCEI(H),KOSPI,STOCK,N
250780,TIGER 코스닥150선물인버스,KOSPI,STOCK,N
251270,넷마블,KOSPI,STOCK,Y
251340,KODEX 코스닥150선물인버스,KOSPI,STOCK,N
251350,KODEX MSCI선진국,KOSPI,STOCK,N
251590,PLUS 고배당저변동50,KOSPI,STOCK,N
251600,PLUS 고배당주채권혼합,KOSPI,STOCK,N
252000,TIGER 200동일가중,KOSPI,STOCK,N
252400,RISE 200선물레버리지,KOSPI,STOCK,N
252410,RISE 200선물인버스,KOSPI,STOCK,N
252420,RISE 200선물인버스2X,KOSPI,STOCK,N
252650,KODEX 200동일가중,KOSPI,STOCK,N
252670,KODEX 200선물인버스2X,KOSPI,STOCK,N
252710,TIGER 200선물인버스2X,KOSPI,STOCK,N
253150,PLUS 200선물레버리지,KOSPI,STOCK,N
253160,PLUS 200선물인버스2X,KOSPI,STOCK,N
253230,KIWOOM 200선물인버스2X,KOSPI,STOCK,N
253240,KIWOOM 200선물인버스,KOSPI,STOCK,N
253250,KIWOOM 200선물레버리지,KOSPI,STOCK,N
253280,RISE 헬스케어,KOSPI,STOCK,N
253290,RISE 헬스케어채권혼합,KOSPI,STOCK,N
2552221,SG 17WR,KOSPI,STOCK,N
256440,ACE MSCI인도네시아(합성),KOSPI,STOCK,N
256450,PLUS 심천차이넥스트(합성),KOSPI,STOCK,N
256750,KODEX 차이나심천ChiNext(합성),KOSPI,STOCK,N
259960,크래프톤,KOSPI,STOCK,Y
261060,TIGER 코스닥150IT,KOSPI,STOCK,N
261070,TIGER 코스닥150바이오테크,KOSPI,STOCK,N
261110,TIGER 미국달러선물레버리지,KOSPI,STOCK,N
261120,TIGER 미국달러선물인버스2X,KOSPI,STOCK,N
261140,TIGER 우선주,KOSPI,STOCK,N
261220,KODEX WTI원유선물(H),KOSPI,STOCK,N
261240,KODEX 미국달러선물,KOSPI,STOCK,N
261250,KODEX 미국달러선물레버리지,KOSPI,STOCK,N
261260,KODEX 미국달러선물인버스2X,KOSPI,STOCK,N
261270,KODEX 미국달러선물인버스,KOSPI,STOCK,N
261920,ACE MSCI필리핀(합성),KOSPI,STOCK,N
264900,크라운제과,KOSPI,STOCK,N
265690,ACE 러시아MSCI(합성),KOSPI,STOCK,N
266160,RISE 고배당,KOSPI,STOCK,N
266360,KODEX K콘텐츠,KOSPI,STOCK,N
266370,KODEX IT,KOSPI,STOCK,N
266390,KODEX 경기소비재,KOSPI,STOCK,N
266410,KODEX 필수소비재,KOSPI,STOCK,N
266420,KODEX 헬스케어,KOSPI,STOCK,N
266550,PLUS 중형주저변동50,KOSPI,STOCK,N
267250,HD현대,KOSPI,STOCK,Y
267260,HD현대일렉트릭,KOSPI,STOCK,Y
267270,HD건설기계,KOSPI,STOCK,Y
267290,경동도시가스,KOSPI,STOCK,N
267440,RISE 미국장기국채선물(H),KOSPI,STOCK,N
267450,RISE 미국장기국채선물인버스(H),KOSPI,STOCK,N
267490,RISE 미국장기국채선물레버리지(합성 H),KOSPI,STOCK,N
267770,TIGER 200선물레버리지,KOSPI,STOCK,N
267850,아시아나IDT,KOSPI,STOCK,N
268280,미원에스씨,KOSPI,STOCK,N
269370,TIGER S&P글로벌인프라(합성),KOSPI,STOCK,N
269420,KODEX S&P글로벌인프라(합성),KOSPI,STOCK,N
269530,PLUS S&P글로벌인프라,KOSPI,STOCK,N
269540,PLUS 미국S&P500(H),KOSPI,STOCK,N
270800,RISE KQ고배당,KOSPI,STOCK,N
270810,RISE 코스닥150,KOSPI,STOCK,N
271050,KODEX WTI원유선물인버스(H),KOSPI,STOCK,N
271060,KODEX 3대농산물선물(H),KOSPI,STOCK,N
271560,오리온,KOSPI,STOCK,Y
271940,일진하이솔루스,KOSPI,STOCK,N
271980,제일약품,KOSPI,STOCK,N
272210,한화시스템,KOSPI,STOCK,Y
272450,진에어,KOSPI,STOCK,N
272550,삼양패키징,KOSPI,STOCK,N
272560,RISE 단기국공채액티브,KOSPI,STOCK,N
272570,RISE 중장기국공채액티브,KOSPI,STOCK,N
272580,TIGER 단기채권액티브,KOSPI,STOCK,N
272910,ACE 중장기국공채액티브,KOSPI,STOCK,N
273130,KODEX 종합채권(AA-이상)액티브,KOSPI,STOCK,N
273140,KODEX 단기변동금리부채권액티브,KOSPI,STOCK,N
275280,KODEX 모멘텀주,KOSPI,STOCK,N
275290,KODEX 가치주,KOSPI,STOCK,N
275300,KODEX 우량주,KOSPI,STOCK,N
275750,RISE 코스닥150선물인버스,KOSPI,STOCK,N
275980,TIGER 글로벌4차산업혁신기술(합성 H),KOSPI,STOCK,N
276000,TIGER 글로벌자원생산기업(합성 H),KOSPI,STOCK,N
276650,RISE 글로벌테크놀로지(합성 H),KOSPI,STOCK,N
276970,KODEX 미국S&P500배당귀족커버드콜(합성 H,KOSPI,STOCK,N
276990,KODEX 글로벌로봇(합성),KOSPI,STOCK,N
277540,ACE 아시아TOP50,KOSPI,STOCK,N
277630,TIGER 코스피,KOSPI,STOCK,N
277640,TIGER 코스피대형주,KOSPI,STOCK,N
277650,TIGER 코스피중형주,KOSPI,STOCK,N
278240,RISE 코스닥150선물레버리지,KOSPI,STOCK,N
278470,에이피알,KOSPI,STOCK,Y
278530,KODEX 200TR,KOSPI,STOCK,N
278540,KODEX MSCI Korea TR,KOSPI,STOCK,N
278620,PLUS 단기채권액티브,KOSPI,STOCK,N
279530,KODEX 고배당주,KOSPI,STOCK,N
279540,KODEX 최소변동성,KOSPI,STOCK,N
279570,케이뱅크,KOSPI,STOCK,N
280320,ACE 미국IT인터넷(합성 H),KOSPI,STOCK,N
280360,롯데웰푸드,KOSPI,STOCK,Y
280920,PLUS 주도업종,KOSPI,STOCK,N
280930,KODEX 미국러셀2000(H),KOSPI,STOCK,N
280940,KODEX 골드선물인버스(H),KOSPI,STOCK,N
281820,케이씨텍,KOSPI,STOCK,N
281990,RISE 중소형고배당,KOSPI,STOCK,N
282000,RISE 국고채3년선물인버스,KOSPI,STOCK,N
282330,BGF리테일,KOSPI,STOCK,Y
283580,KODEX 차이나CSI300,KOSPI,STOCK,N
284430,KODEX 200미국채혼합,KOSPI,STOCK,N
284740,쿠쿠홈시스,KOSPI,STOCK,N
284980,RISE 200금융,KOSPI,STOCK,N
285130,SK케미칼,KOSPI,STOCK,Y
285690,FOCUS ESG리더스,KOSPI,STOCK,N
286940,롯데이노베이트,KOSPI,STOCK,N
287180,PLUS 미국나스닥테크,KOSPI,STOCK,N
289040,KODEX MSCI KOREA ESG유니버설,KOSPI,STOCK,N
289250,TIGER MSCI KOREA ESG유니버설,KOSPI,STOCK,N
289260,TIGER MSCI KOREA ESG리더스,KOSPI,STOCK,N
289480,TIGER 200커버드콜,KOSPI,STOCK,N
289670,PLUS 국채선물10년,KOSPI,STOCK,N
290080,RISE 200고배당커버드콜ATM,KOSPI,STOCK,N
2901221,DH오토리드 9WR,KOSPI,STOCK,N
290130,RISE ESG사회책임투자,KOSPI,STOCK,N
291130,ACE MSCI멕시코(합성),KOSPI,STOCK,N
291620,KIWOOM 코스닥150선물인버스,KOSPI,STOCK,N
291630,KIWOOM 코스닥150선물레버리지,KOSPI,STOCK,N
291680,RISE 차이나H선물인버스(H),KOSPI,STOCK,N
291890,KODEX MSCI EM선물(H),KOSPI,STOCK,N
292050,RISE KRX300,KOSPI,STOCK,N
292150,TIGER 코리아TOP10,KOSPI,STOCK,N
292160,TIGER KRX300,KOSPI,STOCK,N
292190,KODEX KRX300,KOSPI,STOCK,N
292500,SOL KRX300,KOSPI,STOCK,N
292560,TIGER 일본엔선물,KOSPI,STOCK,N
292770,KODEX 국채선물3년인버스,KOSPI,STOCK,N
293180,HANARO 200,KOSPI,STOCK,N
293480,하나제약,KOSPI,STOCK,N
293940,신한알파리츠,KOSPI,STOCK,N
294400,KIWOOM 200TR,KOSPI,STOCK,N
294870,HDC현대산업개발,KOSPI,STOCK,Y
295000,RISE 국채선물10년,KOSPI,STOCK,N
295020,RISE 국채선물10년인버스,KOSPI,STOCK,N
295040,SOL 200TR,KOSPI,STOCK,N
298000,효성화학,KOSPI,STOCK,N
298020,효성티앤씨,KOSPI,STOCK,Y
298040,효성중공업,KOSPI,STOCK,Y
298050,HS효성첨단소재,KOSPI,STOCK,Y
298340,PLUS 국채선물3년,KOSPI,STOCK,N
298690,에어부산,KOSPI,STOCK,N
298770,KODEX 한국대만IT프리미어,KOSPI,STOCK,N
300610,TIGER K게임,KOSPI,STOCK,N
300640,RISE 게임테마,KOSPI,STOCK,N
300720,한일시멘트,KOSPI,STOCK,Y
300950,KODEX 게임산업,KOSPI,STOCK,N
301400,PLUS 코스닥150,KOSPI,STOCK,N
301410,PLUS 코스닥150선물인버스,KOSPI,STOCK,N
302190,TIGER 중장기국채,KOSPI,STOCK,N
302440,SK바이오사이언스,KOSPI,STOCK,Y
302450,RISE 코스피,KOSPI,STOCK,N
304660,KODEX 미국30년국채울트라선물(H),KOSPI,STOCK,N
304670,KODEX 미국30년국채울트라선물인버스(H),KOSPI,STOCK,N
304760,HANARO KRX300,KOSPI,STOCK,N
304770,HANARO 코스닥150,KOSPI,STOCK,N
304780,HANARO 200선물레버리지,KOSPI,STOCK,N
304940,KODEX 미국나스닥100선물(H),KOSPI,STOCK,N
305050,ACE 코스피,KOSPI,STOCK,N
305080,TIGER 미국채10년선물,KOSPI,STOCK,N
305540,TIGER 2차전지테마,KOSPI,STOCK,N
305720,KODEX 2차전지산업,KOSPI,STOCK,N
306200,세아제강,KOSPI,STOCK,N
306520,HANARO 200선물인버스,KOSPI,STOCK,N
306530,HANARO 코스닥150선물레버리지,KOSPI,STOCK,N
306950,KODEX KRX300레버리지,KOSPI,STOCK,N
307510,TIGER 의료기기,KOSPI,STOCK,N
307520,TIGER 지주회사,KOSPI,STOCK,N
307950,현대오토에버,KOSPI,STOCK,Y
308170,씨티알모빌리티,KOSPI,STOCK,N
308620,KODEX 미국10년국채선물,KOSPI,STOCK,N
309230,ACE 미국WideMoat동일가중,KOSPI,STOCK,N
310080,RISE 중국MSCI China(H),KOSPI,STOCK,N
310960,TIGER 200TR,KOSPI,STOCK,N
310970,TIGER MSCI Korea TR,KOSPI,STOCK,N
314250,KODEX 미국빅테크10(H),KOSPI,STOCK,N
314700,HANARO 농업융복합산업,KOSPI,STOCK,N
315270,TIGER 200커뮤니케이션서비스,KOSPI,STOCK,N
315930,KODEX Top5PlusTR,KOSPI,STOCK,N
315960,RISE 대형고배당10TR,KOSPI,STOCK,N
316140,우리금융지주,KOSPI,STOCK,Y
316300,ACE 싱가포르리츠,KOSPI,STOCK,N
316670,KIWOOM 코스닥150,KOSPI,STOCK,N
317400,자이에스앤디,KOSPI,STOCK,N
317450,명인제약,KOSPI,STOCK,N
319640,TIGER 골드선물(H),KOSPI,STOCK,N
321410,KODEX 멀티에셋하이인컴(H),KOSPI,STOCK,N
322000,HD현대에너지솔루션,KOSPI,STOCK,N
322400,HANARO e커머스,KOSPI,STOCK,N
322410,HANARO K고배당,KOSPI,STOCK,N
323410,카카오뱅크,KOSPI,STOCK,Y
325010,KODEX 성장주,KOSPI,STOCK,N
325020,KODEX 배당가치,KOSPI,STOCK,N
326030,SK바이오팜,KOSPI,STOCK,Y
326230,RISE 내수주플러스,KOSPI,STOCK,N
326240,RISE IT플러스,KOSPI,STOCK,N
328370,PLUS 코스피TR,KOSPI,STOCK,N
329180,HD현대중공업,KOSPI,STOCK,Y
329200,TIGER 리츠부동산인프라,KOSPI,STOCK,N
329650,KODEX TRF3070,KOSPI,STOCK,N
329660,KODEX TRF5050,KOSPI,STOCK,N
329670,KODEX TRF7030,KOSPI,STOCK,N
329750,TIGER 미국달러단기채권액티브,KOSPI,STOCK,N
330590,롯데리츠,KOSPI,STOCK,N
332500,ACE 200TR,KOSPI,STOCK,N
332610,PLUS 미국단기회사채(AAA~A),KOSPI,STOCK,N
332620,PLUS 미국장기우량회사채,KOSPI,STOCK,N
332930,HANARO 200TR,KOSPI,STOCK,N
332940,HANARO MSCI Korea TR,KOSPI,STOCK,N
334690,RISE 팔라듐선물(H),KOSPI,STOCK,N
334700,RISE 팔라듐선물인버스(H),KOSPI,STOCK,N
334890,이지스밸류플러스리츠,KOSPI,STOCK,N
336160,RISE 금융채액티브,KOSPI,STOCK,N
336260,두산퓨얼셀,KOSPI,STOCK,Y
336370,솔루스첨단소재,KOSPI,STOCK,N
337120,KODEX 멀티팩터,KOSPI,STOCK,N
337140,KODEX 코스피대형주,KOSPI,STOCK,N
337150,KODEX 200exTOP,KOSPI,STOCK,N
337160,KODEX 200ESG,KOSPI,STOCK,N
338100,NH프라임리츠,KOSPI,STOCK,N
339770,교촌에프앤비,KOSPI,STOCK,N
341850,TIGER 리츠부동산인프라채권,KOSPI,STOCK,N
344820,KCC글라스,KOSPI,STOCK,N
348950,제이알글로벌리츠,KOSPI,STOCK,N
350520,이지스레지던스리츠,KOSPI,STOCK,N
352540,KODEX 일본부동산리츠(H),KOSPI,STOCK,N
352560,KODEX 미국부동산리츠(H),KOSPI,STOCK,N
352820,하이브,KOSPI,STOCK,Y
353200,대덕전자,KOSPI,STOCK,Y
354240,RISE 미국고정배당우선증권,KOSPI,STOCK,N
354350,HANARO 글로벌럭셔리S&P(합성),KOSPI,STOCK,N
354500,ACE 코스닥150,KOSPI,STOCK,N
356540,ACE 종합채권(AA-이상)액티브,KOSPI,STOCK,N
357120,코람코라이프인프라리츠,KOSPI,STOCK,N
357250,미래에셋맵스리츠,KOSPI,STOCK,N
357430,마스턴프리미어리츠,KOSPI,STOCK,N
357870,TIGER CD금리투자KIS(합성),KOSPI,STOCK,N
359210,KODEX 코스피TR,KOSPI,STOCK,N
360140,KODEX 200롱코스닥150숏선물,KOSPI,STOCK,N
360150,KODEX 코스닥150롱코스피200숏선물,KOSPI,STOCK,N
360200,ACE 미국S&P500,KOSPI,STOCK,N
360750,TIGER 미국S&P500,KOSPI,STOCK,N
361580,RISE 200TR,KOSPI,STOCK,N
361610,SK아이이테크놀로지,KOSPI,STOCK,Y
363280,티와이홀딩스,KOSPI,STOCK,N
363510,SOL KIS단기통안채,KOSPI,STOCK,N
363570,KODEX 장기종합채권(AA-이상)액티브,KOSPI,STOCK,N
363580,KODEX 200IT TR,KOSPI,STOCK,N
364690,KODEX 혁신기술테마액티브,KOSPI,STOCK,N
364960,TIGER BBIG,KOSPI,STOCK,N
364970,TIGER 바이오TOP10,KOSPI,STOCK,N
364980,TIGER 2차전지TOP10,KOSPI,STOCK,N
364990,TIGER 게임TOP10,KOSPI,STOCK,N
365000,TIGER 인터넷TOP10,KOSPI,STOCK,N
365040,TIGER AI코리아그로스액티브,KOSPI,STOCK,N
365550,ESR켄달스퀘어리츠,KOSPI,STOCK,N
365780,ACE 국고채10년,KOSPI,STOCK,N
367380,ACE 미국나스닥100,KOSPI,STOCK,N
367740,HANARO Fn5G산업,KOSPI,STOCK,N
367760,RISE 네트워크인프라,KOSPI,STOCK,N
367770,RISE 수소경제테마,KOSPI,STOCK,N
368190,HANARO Fn K-뉴딜디지털플러스,KOSPI,STOCK,N
368590,RISE 미국나스닥100,KOSPI,STOCK,N
368680,KODEX K-뉴딜디지털플러스,KOSPI,STOCK,N
371150,RISE 차이나항셍테크,KOSPI,STOCK,N
371160,TIGER 차이나항셍테크,KOSPI,STOCK,N
371450,TIGER 글로벌클라우드컴퓨팅INDXX,KOSPI,STOCK,N
371460,TIGER 차이나전기차SOLACTIVE,KOSPI,STOCK,N
371470,TIGER 차이나바이오테크SOLACTIVE,KOSPI,STOCK,N
371870,ACE 차이나항셍테크,KOSPI,STOCK,N
372330,KODEX 차이나항셍테크,KOSPI,STOCK,N
372910,한컴라이프케어,KOSPI,STOCK,N
373220,LG에너지솔루션,KOSPI,STOCK,Y
373490,KODEX 코리아혁신성장액티브,KOSPI,STOCK,N
373790,KIWOOM 미국방어배당성장나스닥,KOSPI,STOCK,N
375270,RISE 글로벌데이터센터리츠(합성),KOSPI,STOCK,N
375500,DL이앤씨,KOSPI,STOCK,Y
375760,HANARO 탄소효율그린뉴딜,KOSPI,STOCK,N
375770,KODEX 탄소효율그린뉴딜,KOSPI,STOCK,N
376410,TIGER 탄소효율그린뉴딜,KOSPI,STOCK,N
377190,디앤디플랫폼리츠,KOSPI,STOCK,N
377300,카카오페이,KOSPI,STOCK,Y
377740,바이오노트,KOSPI,STOCK,N
377990,TIGER Fn신재생에너지,KOSPI,STOCK,N
378850,화승알앤에이,KOSPI,STOCK,N
379780,RISE 미국S&P500,KOSPI,STOCK,N
379790,RISE 유로스탁스50(H),KOSPI,STOCK,N
379800,KODEX 미국S&P500,KOSPI,STOCK,N
379810,KODEX 미국나스닥100,KOSPI,STOCK,N
380340,ACE 코리아AI테크핵심산업,KOSPI,STOCK,N
381170,TIGER 미국테크TOP10 INDXX,KOSPI,STOCK,N
381180,TIGER 미국필라델피아반도체나스닥,KOSPI,STOCK,N
381560,HANARO Fn전기&수소차,KOSPI,STOCK,N
381570,HANARO Fn친환경에너지,KOSPI,STOCK,N
381970,케이카,KOSPI,STOCK,N
383220,F&F,KOSPI,STOCK,Y
383800,LX홀딩스,KOSPI,STOCK,N
385510,KODEX 신재생에너지액티브,KOSPI,STOCK,N
385520,KODEX 자율주행액티브,KOSPI,STOCK,N
385540,RISE 종합채권(A-이상)액티브,KOSPI,STOCK,N
385550,RISE 단기채권알파액티브,KOSPI,STOCK,N
385560,RISE KIS국고채30년Enhanced,KOSPI,STOCK,N
385590,ACE ESG액티브,KOSPI,STOCK,N
385600,ACE 2차전지&친환경차액티브,KOSPI,STOCK,N
385710,TIME K이노베이션액티브,KOSPI,STOCK,N
385720,TIME 코스피액티브,KOSPI,STOCK,N
387270,TIGER 글로벌이노베이션액티브,KOSPI,STOCK,N
387280,TIGER 퓨처모빌리티액티브,KOSPI,STOCK,N
388280,RISE K엔터&여행레저,KOSPI,STOCK,N
388420,RISE 비메모리반도체액티브,KOSPI,STOCK,N
390390,KODEX 미국반도체,KOSPI,STOCK,N
390400,KODEX 미국스마트모빌리티S&P,KOSPI,STOCK,N
391600,ACE 미국친환경그린테마,KOSPI,STOCK,N
391670,HK 베스트일레븐액티브,KOSPI,STOCK,N
394350,KIWOOM 글로벌퓨처모빌리티,KOSPI,STOCK,N
394660,TIGER 글로벌자율주행&전기차SOLACTIVE,KOSPI,STOCK,N
394670,TIGER 글로벌리튬&2차전지SOLACTIVE(합성),KOSPI,STOCK,N
395150,KODEX 웹툰&드라마,KOSPI,STOCK,N
395160,KODEX AI반도체,KOSPI,STOCK,N
395170,KODEX Top10동일가중,KOSPI,STOCK,N
395270,HANARO Fn K-반도체,KOSPI,STOCK,N
395280,HANARO Fn K-게임,KOSPI,STOCK,N
395290,HANARO Fn K-POP&미디어,KOSPI,STOCK,N
395400,SK리츠,KOSPI,STOCK,N
395750,PLUS ESG가치주액티브,KOSPI,STOCK,N
395760,PLUS ESG성장주액티브,KOSPI,STOCK,N
396500,TIGER 반도체TOP10,KOSPI,STOCK,N
396510,TIGER 차이나클린에너지SOLACTIVE,KOSPI,STOCK,N
396520,TIGER 차이나반도체FACTSET,KOSPI,STOCK,N
396690,미래에셋글로벌리츠,KOSPI,STOCK,N
397420,RISE 국채선물5년추종,KOSPI,STOCK,N
399110,SOL 미국S&P500ESG,KOSPI,STOCK,N
399580,RISE 글로벌클린에너지,KOSPI,STOCK,N
400570,KODEX 유럽탄소배출권선물ICE(H),KOSPI,STOCK,N
400580,SOL 유럽탄소배출권선물S&P(H),KOSPI,STOCK,N
400590,SOL 글로벌탄소배출권선물ICE(합성),KOSPI,STOCK,N
400760,NH올원리츠,KOSPI,STOCK,N
400970,TIGER Fn메타버스,KOSPI,STOCK,N
401170,RISE 메타버스,KOSPI,STOCK,N
401470,KODEX 메타버스액티브,KOSPI,STOCK,N
401590,HANARO 글로벌탄소배출권선물ICE(합성),KOSPI,STOCK,N
402340,SK스퀘어,KOSPI,STOCK,Y
402460,HANARO Fn K-메타버스MZ,KOSPI,STOCK,N
402970,ACE 미국배당다우존스,KOSPI,STOCK,N
403550,쏘카,KOSPI,STOCK,N
403790,마이다스 코스피액티브,KOSPI,STOCK,N
404120,TIME K신재생에너지액티브,KOSPI,STOCK,N
404260,KODEX 기후변화솔루션,KOSPI,STOCK,N
404540,TIGER KRX기후변화솔루션,KOSPI,STOCK,N
404650,SOL KRX기후변화솔루션,KOSPI,STOCK,N
404990,신한서부티엔디리츠,KOSPI,STOCK,N
407300,HANARO Fn골프테마,KOSPI,STOCK,N
407310,HANARO 200 TOP10,KOSPI,STOCK,N
407820,에셋플러스 코리아플랫폼액티브,KOSPI,STOCK,N
407830,에셋플러스 글로벌플랫폼액티브,KOSPI,STOCK,N
409810,KODEX 미국나스닥100선물인버스(H),KOSPI,STOCK,N
409820,KODEX 미국나스닥100레버리지(합성 H),KOSPI,STOCK,N
410870,TIME K컬처액티브,KOSPI,STOCK,N
411060,ACE KRX금현물,KOSPI,STOCK,N
411420,KODEX 미국나스닥AI테크액티브,KOSPI,STOCK,N
411540,SOL 200 Top10,KOSPI,STOCK,N
411860,KIWOOM 독일DAX,KOSPI,STOCK,N
412560,TIGER BBIG레버리지,KOSPI,STOCK,N
412570,TIGER 2차전지TOP10레버리지,KOSPI,STOCK,N
412770,TIGER 글로벌AI플랫폼액티브,KOSPI,STOCK,N
413220,SOL 차이나태양광CSI(합성),KOSPI,STOCK,N
413930,WON AI ESG액티브,KOSPI,STOCK,N
414270,ACE 글로벌자율주행액티브,KOSPI,STOCK,N
414780,TIGER 차이나과창판STAR50(합성),KOSPI,STOCK,N
415340,KODEX 차이나과창판STAR50(합성),KOSPI,STOCK,N
415640,KB발해인프라,KOSPI,STOCK,N
415760,SOL 차이나육성산업액티브(합성),KOSPI,STOCK,N
415920,PLUS 글로벌희토류&전략자원생산기업,KOSPI,STOCK,N
416090,ACE 중국과창판STAR50,KOSPI,STOCK,N
417310,코람코더원리츠,KOSPI,STOCK,N
417450,RISE 글로벌수소경제,KOSPI,STOCK,N
417630,TIGER KEDI혁신기업ESG30,KOSPI,STOCK,N
418660,TIGER 미국나스닥100레버리지(합성),KOSPI,STOCK,N
418670,TIGER 글로벌AI사이버보안,KOSPI,STOCK,N
419420,KODEX 미국클린에너지나스닥,KOSPI,STOCK,N
419430,KODEX 차이나2차전지MSCI(합성),KOSPI,STOCK,N
419650,PLUS 글로벌수소&차세대연료전지,KOSPI,STOCK,N
419890,KIWOOM 단기채권ESG액티브,KOSPI,STOCK,N
421320,PLUS 우주항공&UAM,KOSPI,STOCK,N
422260,VITA MZ소비액티브,KOSPI,STOCK,N
422420,RISE 2차전지액티브,KOSPI,STOCK,N
423160,KODEX KOFR금리액티브(합성),KOSPI,STOCK,N
423170,SOL 글로벌AI반도체탑픽액티브,KOSPI,STOCK,N
423920,TIGER 미국필라델피아반도체레버리지(합성,KOSPI,STOCK,N
424460,HANARO 글로벌워터MSCI(합성),KOSPI,STOCK,N
426020,TIME 미국S&P500액티브,KOSPI,STOCK,N
426030,TIME 미국나스닥100액티브,KOSPI,STOCK,N
426150,WON 대한민국국고채액티브,KOSPI,STOCK,N
426330,KIWOOM 미국ETF산업STOXX,KOSPI,STOCK,N
427120,RISE AI플랫폼,KOSPI,STOCK,N
428510,KODEX 차이나AI테크액티브,KOSPI,STOCK,N
428560,KODEX 미국ETF산업Top10 Indxx,KOSPI,STOCK,N
429000,TIGER 미국S&P500배당귀족,KOSPI,STOCK,N
429010,TIGER 미국나스닥넥스트100,KOSPI,STOCK,N
429740,PLUS K리츠,KOSPI,STOCK,N
429760,PLUS 미국S&P500,KOSPI,STOCK,N
429980,SOL 한국형글로벌전기차&2차전지액티브,KOSPI,STOCK,N
430500,KIWOOM 물가채KIS,KOSPI,STOCK,N
432320,KB스타리츠,KOSPI,STOCK,N
432600,RISE 국채선물3년,KOSPI,STOCK,N
432840,HANARO 미국S&P500,KOSPI,STOCK,N
433220,에셋플러스 글로벌대장장이액티브,KOSPI,STOCK,N
433250,UNICORN R&D 액티브,KOSPI,STOCK,N
433330,SOL 미국S&P500,KOSPI,STOCK,N
433500,ACE 원자력TOP10,KOSPI,STOCK,N
433880,PLUS TDF2060액티브,KOSPI,STOCK,N
433970,KODEX TDF2030액티브,KOSPI,STOCK,N
433980,KODEX TDF2040액티브,KOSPI,STOCK,N
434060,KODEX TDF2050액티브,KOSPI,STOCK,N
434730,HANARO 원자력iSelect,KOSPI,STOCK,N
434960,DAISHIN343 K200,KOSPI,STOCK,N
435040,ACE 글로벌브랜드TOP10,KOSPI,STOCK,N
435420,TIGER 미국나스닥100채권혼합Fn,KOSPI,STOCK,N
435530,KIWOOM TDF2030액티브,KOSPI,STOCK,N
435540,KIWOOM TDF2040액티브,KOSPI,STOCK,N
435550,KIWOOM TDF2050액티브,KOSPI,STOCK,N
436140,SOL 종합채권(AA-이상)액티브,KOSPI,STOCK,N
437070,KODEX 아시아달러채권ESG플러스액티브,KOSPI,STOCK,N
437080,KODEX 미국종합채권ESG액티브(H),KOSPI,STOCK,N
437350,RISE 미국단기투자등급회사채액티브,KOSPI,STOCK,N
437370,RISE 글로벌농업경제,KOSPI,STOCK,N
438080,ACE 미국S&P500미국채혼합50액티브,KOSPI,STOCK,N
438100,ACE 미국나스닥100미국채혼합50액티브,KOSPI,STOCK,N
438320,TIGER 차이나항셍테크레버리지(합성 H),KOSPI,STOCK,N
438330,TIGER 우량회사채액티브,KOSPI,STOCK,N
438560,SOL 국고채3년,KOSPI,STOCK,N
438570,SOL 국고채10년,KOSPI,STOCK,N
438740,마이다스 중소형액티브,KOSPI,STOCK,N
438900,HANARO Fn K-푸드,KOSPI,STOCK,N
439260,대한조선,KOSPI,STOCK,N
439860,KODEX ESG종합채권(A-이상)액티브,KOSPI,STOCK,N
439870,KODEX 국고채30년액티브,KOSPI,STOCK,N
440340,TIGER 글로벌멀티에셋TIF액티브,KOSPI,STOCK,N
440640,ACE 단기채권알파액티브,KOSPI,STOCK,N
440650,ACE 미국달러단기채권액티브,KOSPI,STOCK,N
440910,WON 미국우주항공방산,KOSPI,STOCK,N
441330,KIWOOM 차이나A50커넥트MSCI,KOSPI,STOCK,N
441540,HANARO Fn조선해운,KOSPI,STOCK,N
441640,KODEX 미국배당커버드콜액티브,KOSPI,STOCK,N
441680,TIGER 미국나스닥100커버드콜(합성),KOSPI,STOCK,N
441800,TIME Korea플러스배당액티브,KOSPI,STOCK,N
442090,에셋플러스 코리아대장장이액티브,KOSPI,STOCK,N
442260,마이티 다이나믹퀀트액티브,KOSPI,STOCK,N
442320,RISE 글로벌원자력,KOSPI,STOCK,N
442550,RISE TDF2030액티브,KOSPI,STOCK,N
442560,RISE TDF2040액티브,KOSPI,STOCK,N
442570,RISE TDF2050액티브,KOSPI,STOCK,N
442580,PLUS 글로벌HBM반도체,KOSPI,STOCK,N
443060,HD현대마린솔루션,KOSPI,STOCK,Y
444200,SOL 코리아메가테크액티브,KOSPI,STOCK,N
444490,WON 미국S&P500,KOSPI,STOCK,N
445150,KODEX 친환경조선해운액티브,KOSPI,STOCK,N
445290,KODEX 로봇액티브,KOSPI,STOCK,N
445690,BNK 주주가치액티브,KOSPI,STOCK,N
445910,TIGER MKF배당귀족,KOSPI,STOCK,N
446070,유니드비티플러스,KOSPI,STOCK,N
446690,KODEX 아시아AI반도체exChina액티브,KOSPI,STOCK,N
446700,RISE 배터리 리사이클링,KOSPI,STOCK,N
446720,SOL 미국배당다우존스,KOSPI,STOCK,N
446770,ACE 글로벌반도체TOP4 Plus,KOSPI,STOCK,N
447430,ACE 주주환원가치주액티브,KOSPI,STOCK,N
447620,SOL 미국TOP5채권혼합40 Solactive,KOSPI,STOCK,N
447660,PLUS 애플채권혼합,KOSPI,STOCK,N
447770,TIGER 테슬라채권혼합Fn,KOSPI,STOCK,N
448100,WON 200,KOSPI,STOCK,N
448290,TIGER 미국S&P500(H),KOSPI,STOCK,N
448300,TIGER 미국나스닥100(H),KOSPI,STOCK,N
448330,KODEX 삼성전자채권혼합,KOSPI,STOCK,N
448490,HANARO 32-10 국고채액티브,KOSPI,STOCK,N
448540,ACE 엔비디아채권혼합,KOSPI,STOCK,N
448570,FOCUS AI코리아액티브,KOSPI,STOCK,N
448630,RISE 삼성그룹Top3채권혼합,KOSPI,STOCK,N
448730,삼성FN리츠,KOSPI,STOCK,N
449170,TIGER KOFR금리액티브(합성),KOSPI,STOCK,N
449180,KODEX 미국S&P500(H),KOSPI,STOCK,N
449190,KODEX 미국나스닥100(H),KOSPI,STOCK,N
449450,PLUS K방산,KOSPI,STOCK,N
449580,RISE 테슬라애플아마존채권혼합,KOSPI,STOCK,N
449680,TIGER 한중전기차(합성),KOSPI,STOCK,N
449690,TIGER 한중반도체(합성),KOSPI,STOCK,N
449770,KIWOOM 미국S&P500,KOSPI,STOCK,N
449780,KIWOOM 미국S&P500(H),KOSPI,STOCK,N
450080,에코프로머티,KOSPI,STOCK,Y
450180,KODEX 한중전기차(합성),KOSPI,STOCK,N
450190,KODEX 한중반도체(합성),KOSPI,STOCK,N
450910,SOL 코스닥150,KOSPI,STOCK,N
451000,PLUS 종합채권(AA-이상)액티브,KOSPI,STOCK,N
451060,1Q 200액티브,KOSPI,STOCK,N
451150,에셋플러스 글로벌영에이지액티브,KOSPI,STOCK,N
451530,TIGER 국고채30년스트립액티브,KOSPI,STOCK,N
451540,TIGER 종합채권(AA-이상)액티브,KOSPI,STOCK,N
451600,PLUS 국고채30년액티브,KOSPI,STOCK,N
451670,RISE 국채30년레버리지(합성),KOSPI,STOCK,N
451800,한화리츠,KOSPI,STOCK,N
452250,ACE 미국30년국채선물레버리지(합성 H),KOSPI,STOCK,N
452260,한화갤러리아,KOSPI,STOCK,N
452360,SOL 미국배당다우존스(H),KOSPI,STOCK,N
452440,VITA 밸류알파액티브,KOSPI,STOCK,N
453010,PLUS KOFR금리,KOSPI,STOCK,N
453060,HANARO KOFR금리액티브(합성),KOSPI,STOCK,N
453080,KIWOOM 미국나스닥100(H),KOSPI,STOCK,N
453330,RISE 미국S&P500(H),KOSPI,STOCK,N
453340,현대그린푸드,KOSPI,STOCK,N
453630,KODEX 미국S&P500필수소비재,KOSPI,STOCK,N
453640,KODEX 미국S&P500헬스케어,KOSPI,STOCK,N
453650,KODEX 미국S&P500금융,KOSPI,STOCK,N
453660,KODEX 미국S&P500경기소비재,KOSPI,STOCK,N
453810,KODEX 인도Nifty50,KOSPI,STOCK,N
453820,KODEX 인도Nifty50레버리지(합성),KOSPI,STOCK,N
453850,ACE 미국30년국채액티브(H),KOSPI,STOCK,N
453870,TIGER 인도니프티50,KOSPI,STOCK,N
453950,TIGER TSMC파운드리밸류체인,KOSPI,STOCK,N
454180,KIWOOM 차이나내수소비TOP CSI,KOSPI,STOCK,N
454320,HANARO CAPEX설비투자iSelect,KOSPI,STOCK,N
454780,KIWOOM 종합채권(AA-이상)액티브,KOSPI,STOCK,N
454910,두산로보틱스,KOSPI,STOCK,Y
455030,KODEX 미국달러SOFR금리액티브(합성),KOSPI,STOCK,N
455660,ACE 미국하이일드액티브(H),KOSPI,STOCK,N
455850,SOL AI반도체소부장,KOSPI,STOCK,N
455860,SOL 2차전지소부장Fn,KOSPI,STOCK,N
455890,RISE 머니마켓액티브,KOSPI,STOCK,N
455960,RISE 미국달러SOFR금리액티브(합성),KOSPI,STOCK,N
456040,OCI,KOSPI,STOCK,N
456200,PLUS 미국달러SOFR금리액티브(합성),KOSPI,STOCK,N
456250,KODEX 유럽명품TOP10 STOXX,KOSPI,STOCK,N
456600,TIME 글로벌AI인공지능액티브,KOSPI,STOCK,N
456610,TIGER 미국달러SOFR금리액티브(합성),KOSPI,STOCK,N
456680,TIGER 차이나전기차레버리지(합성),KOSPI,STOCK,N
456880,ACE 미국달러SOFR금리(합성),KOSPI,STOCK,N
457190,이수스페셜티케미컬,KOSPI,STOCK,Y
457480,ACE 테슬라밸류체인액티브,KOSPI,STOCK,N
457690,KODEX 33-06 국고채액티브,KOSPI,STOCK,N
457700,KODEX 53-09 국고채액티브,KOSPI,STOCK,N
457930,BNK 미래전략기술액티브,KOSPI,STOCK,N
457990,PLUS 태양광&ESS,KOSPI,STOCK,N
458030,WON 국공채머니마켓액티브,KOSPI,STOCK,N
458210,KIWOOM CD금리액티브(합성),KOSPI,STOCK,N
458250,TIGER 미국30년국채스트립액티브(합성 H),KOSPI,STOCK,N
458260,TIGER 미국투자등급회사채액티브(H),KOSPI,STOCK,N
458730,TIGER 미국배당다우존스,KOSPI,STOCK,N
458750,TIGER 미국배당다우존스타겟커버드콜1호,KOSPI,STOCK,N
458760,TIGER 미국배당다우존스타겟커버드콜2호,KOSPI,STOCK,N
459560,KODEX 테슬라밸류체인FactSet,KOSPI,STOCK,N
459580,KODEX CD금리액티브(합성),KOSPI,STOCK,N
459750,RISE 글로벌주식분산액티브,KOSPI,STOCK,N
459790,KIWOOM 미국성장기업30액티브,KOSPI,STOCK,N
460270,KIWOOM 미국달러SOFR금리액티브(합성),KOSPI,STOCK,N
460280,KIWOOM Fn유전자혁신기술,KOSPI,STOCK,N
460660,RISE 미국S&P배당킹,KOSPI,STOCK,N
460850,동국씨엠,KOSPI,STOCK,N
460860,동국제강,KOSPI,STOCK,N
460960,ACE 글로벌인컴TOP10,KOSPI,STOCK,N
461270,ACE 26-06 회사채(AA-이상)액티브,KOSPI,STOCK,N
461340,HANARO 글로벌생성형AI액티브,KOSPI,STOCK,N
461450,KODEX 코스닥글로벌,KOSPI,STOCK,N
461460,PLUS 국고채10년액티브,KOSPI,STOCK,N
461490,RISE 글로벌자산배분액티브,KOSPI,STOCK,N
461500,HANARO 종합채권(AA-이상)액티브,KOSPI,STOCK,N
461580,TIGER 코스닥글로벌,KOSPI,STOCK,N
461600,SOL 미국30년국채액티브(H),KOSPI,STOCK,N
461900,PLUS 미국테크TOP10,KOSPI,STOCK,N
461910,PLUS 미국테크TOP10레버리지(합성),KOSPI,STOCK,N
461950,KODEX 2차전지핵심소재10,KOSPI,STOCK,N
462010,TIGER 2차전지소재Fn,KOSPI,STOCK,N
462330,KODEX 2차전지산업레버리지,KOSPI,STOCK,N
462340,에셋플러스 글로벌다이나믹시니어액티브,KOSPI,STOCK,N
462520,조선내화,KOSPI,STOCK,N
462870,시프트업,KOSPI,STOCK,Y
462900,KoAct 바이오헬스케어액티브,KOSPI,STOCK,N
463050,TIME K바이오액티브,KOSPI,STOCK,N
463250,TIGER K방산&우주,KOSPI,STOCK,N
463290,1Q 단기금융채액티브,KOSPI,STOCK,N
463300,RISE 중국본토CSI300,KOSPI,STOCK,N
463640,KODEX 미국S&P500유틸리티,KOSPI,STOCK,N
463680,KODEX 미국S&P500테크놀로지,KOSPI,STOCK,N
463690,KODEX 미국S&P500커뮤니케이션,KOSPI,STOCK,N
464240,KIWOOM 26-09회사채(AA-이상)액티브,KOSPI,STOCK,N
464310,TIGER 글로벌AI&로보틱스 INDXX,KOSPI,STOCK,N
464470,PLUS 미국채30년액티브,KOSPI,STOCK,N
464600,SOL 자동차소부장Fn,KOSPI,STOCK,N
464610,SOL 의료기기소부장Fn,KOSPI,STOCK,N
464920,PLUS 일본반도체소부장,KOSPI,STOCK,N
464930,TIGER 글로벌혁신블루칩TOP10,KOSPI,STOCK,N
465330,RISE 2차전지TOP10,KOSPI,STOCK,N
465350,RISE 2차전지TOP10인버스(합성),KOSPI,STOCK,N
465580,ACE 미국빅테크TOP7 Plus,KOSPI,STOCK,N
465610,ACE 미국빅테크TOP7 Plus레버리지(합성),KOSPI,STOCK,N
465620,ACE 미국빅테크TOP7 Plus인버스(합성),KOSPI,STOCK,N
465660,TIGER 일본반도체FACTSET,KOSPI,STOCK,N
465670,TIGER 미국캐시카우100,KOSPI,STOCK,N
465770,STX그린로지스,KOSPI,STOCK,N
465780,마이티 26-09 특수채(AAA)액티브,KOSPI,STOCK,N
466810,BNK 2차전지양극재,KOSPI,STOCK,N
466920,SOL 조선TOP3플러스,KOSPI,STOCK,N
466930,SOL 자동차TOP3플러스,KOSPI,STOCK,N
466940,TIGER 은행고배당플러스TOP10,KOSPI,STOCK,N
466950,TIGER 글로벌AI액티브,KOSPI,STOCK,N
468370,KODEX iShares미국인플레이션국채액티브,KOSPI,STOCK,N
468380,KODEX iShares미국하이일드액티브,KOSPI,STOCK,N
468630,KODEX iShares미국투자등급회사채액티브,KOSPI,STOCK,N
469050,RISE 미국반도체NYSE(H),KOSPI,STOCK,N
469060,RISE 미국반도체NYSE,KOSPI,STOCK,N
469070,RISE AI&로봇,KOSPI,STOCK,N
469150,ACE AI반도체TOP3+,KOSPI,STOCK,N
469160,ACE 일본반도체,KOSPI,STOCK,N
469170,ACE 포스코그룹포커스,KOSPI,STOCK,N
469530,RISE 미국달러선물인버스,KOSPI,STOCK,N
469790,KIWOOM K-테크TOP10,KOSPI,STOCK,N
469830,SOL 초단기채권액티브,KOSPI,STOCK,N
470310,UNICORN 생성형AI강소기업액티브,KOSPI,STOCK,N
471040,KoAct 글로벌AI&로봇액티브,KOSPI,STOCK,N
471230,KODEX 국고채10년액티브,KOSPI,STOCK,N
471460,KIWOOM 국고채30년액티브,KOSPI,STOCK,N
471760,TIGER AI반도체핵심공정,KOSPI,STOCK,N
471780,TIGER 코리아테크액티브,KOSPI,STOCK,N
471990,KODEX AI반도체핵심장비,KOSPI,STOCK,N
472150,TIGER 배당커버드콜액티브,KOSPI,STOCK,N
472160,TIGER 미국테크TOP10 INDXX(H),KOSPI,STOCK,N
472170,TIGER 미국테크TOP10채권혼합,KOSPI,STOCK,N
472720,TRUSTON 주주가치액티브,KOSPI,STOCK,N
472830,RISE 미국30년국채커버드콜(합성),KOSPI,STOCK,N
472840,ITF 200,KOSPI,STOCK,N
472870,RISE 미국30년국채엔화노출(합성 H),KOSPI,STOCK,N
472920,HK 종합채권(AA-이상)액티브,KOSPI,STOCK,N
473290,KODEX 26-12 회사채(AA-이상)액티브,KOSPI,STOCK,N
473330,SOL 미국30년국채커버드콜(합성),KOSPI,STOCK,N
473440,ACE 11월만기자동연장회사채AA-이상액티브,KOSPI,STOCK,N
473460,KODEX 미국서학개미,KOSPI,STOCK,N
473490,KIWOOM 글로벌AI반도체,KOSPI,STOCK,N
473590,ACE 미국주식베스트셀러,KOSPI,STOCK,N
473640,HANARO 글로벌금채굴기업,KOSPI,STOCK,N
474220,TIGER 미국테크TOP10타겟커버드콜,KOSPI,STOCK,N
474390,SOL 국고채30년액티브,KOSPI,STOCK,N
474590,WON 반도체밸류체인액티브,KOSPI,STOCK,N
474800,KIWOOM 미국원유에너지기업,KOSPI,STOCK,N
474920,에셋플러스 차이나일등기업포커스10액티브,KOSPI,STOCK,N
475050,ACE KPOP포커스,KOSPI,STOCK,N
475070,KoAct 글로벌친환경전력인프라액티브,KOSPI,STOCK,N
475080,KODEX 테슬라커버드콜채권혼합액티브,KOSPI,STOCK,N
475150,SK이터닉스,KOSPI,STOCK,N
475260,ACE 2월만기자동연장회사채AA-이상액티브,KOSPI,STOCK,N
475270,ACE 5월만기자동연장회사채AA-이상액티브,KOSPI,STOCK,N
475280,ACE 8월만기자동연장회사채AA-이상액티브,KOSPI,STOCK,N
475300,SOL 반도체전공정,KOSPI,STOCK,N
475310,SOL 반도체후공정,KOSPI,STOCK,N
475350,RISE 버크셔포트폴리오TOP10,KOSPI,STOCK,N
475380,RISE 글로벌리얼티인컴,KOSPI,STOCK,N
475560,더본코리아,KOSPI,STOCK,N
475630,TIGER CD1년금리액티브(합성),KOSPI,STOCK,N
475720,RISE 200위클리커버드콜,KOSPI,STOCK,N
476000,UNICORN 포스트IPO액티브,KOSPI,STOCK,N
476030,SOL 미국나스닥100,KOSPI,STOCK,N
476070,KODEX 글로벌비만치료제TOP2 Plus,KOSPI,STOCK,N
476260,HANARO 반도체핵심공정주도주,KOSPI,STOCK,N
476310,RISE 글로벌비만산업TOP2+,KOSPI,STOCK,N
476450,KIWOOM 머니마켓액티브,KOSPI,STOCK,N
476550,TIGER 미국30년국채커버드콜액티브(H),KOSPI,STOCK,N
476690,TIGER 글로벌비만치료제TOP2Plus,KOSPI,STOCK,N
476750,ACE 미국30년국채엔화노출액티브(H),KOSPI,STOCK,N
476760,ACE 미국30년국채액티브,KOSPI,STOCK,N
476800,KODEX 한국부동산리츠인프라,KOSPI,STOCK,N
476850,KoAct 배당성장액티브,KOSPI,STOCK,N
477050,PLUS 머니마켓액티브,KOSPI,STOCK,N
477080,RISE CD금리액티브(합성),KOSPI,STOCK,N
477490,에셋플러스 글로벌일등기업포커스10액티브,KOSPI,STOCK,N
477730,KODEX 인도타타그룹,KOSPI,STOCK,N
478150,TIME 글로벌우주테크&방산액티브,KOSPI,STOCK,N
479080,1Q 머니마켓액티브,KOSPI,STOCK,N
479520,RISE KOFR금리액티브(합성),KOSPI,STOCK,N
479620,SOL 미국AI반도체칩메이커,KOSPI,STOCK,N
479730,TIGER 인도빌리언컨슈머,KOSPI,STOCK,N
479850,HANARO K-뷰티,KOSPI,STOCK,N
480020,ACE 미국빅테크7+데일리타겟커버드콜(합성,KOSPI,STOCK,N
480030,ACE 미국500데일리타겟커버드콜(합성),KOSPI,STOCK,N
480040,ACE 미국반도체데일리타겟커버드콜(합성),KOSPI,STOCK,N
480260,TIGER 27-04회사채(A+이상)액티브,KOSPI,STOCK,N
480310,TIGER 글로벌온디바이스AI,KOSPI,STOCK,N
480370,씨케이솔루션,KOSPI,STOCK,N
480460,WON 한국부동산TOP3플러스,KOSPI,STOCK,N
481050,KODEX CD1년금리플러스액티브(합성),KOSPI,STOCK,N
481060,KODEX 미국30년국채타겟커버드콜(합성 H),KOSPI,STOCK,N
481180,SOL 미국AI소프트웨어,KOSPI,STOCK,N
481190,SOL 미국테크TOP10,KOSPI,STOCK,N
481340,RISE 미국30년국채액티브,KOSPI,STOCK,N
481430,RISE 국고채10년액티브,KOSPI,STOCK,N
481850,신한글로벌액티브리츠,KOSPI,STOCK,N
482030,KoAct 반도체&2차전지핵심소재액티브,KOSPI,STOCK,N
482730,TIGER 미국S&P500타겟데일리커버드콜,KOSPI,STOCK,N
483020,KIWOOM 의료AI,KOSPI,STOCK,N
483030,KIWOOM 미국블록버스터바이오테크의약품+,KOSPI,STOCK,N
483240,TIGER 미국나스닥100ETF선물,KOSPI,STOCK,N
483280,KODEX 미국AI테크TOP10타겟커버드콜,KOSPI,STOCK,N
483290,KODEX 미국배당다우존스타겟커버드콜,KOSPI,STOCK,N
483320,ACE 엔비디아밸류체인액티브,KOSPI,STOCK,N
483330,ACE 마이크로소프트밸류체인액티브,KOSPI,STOCK,N
483340,ACE 구글밸류체인액티브,KOSPI,STOCK,N
483420,ACE 애플밸류체인액티브,KOSPI,STOCK,N
483570,KCGI 미국S&P500 TOP10,KOSPI,STOCK,N
483650,달바글로벌,KOSPI,STOCK,N
484790,KODEX 미국30년국채액티브(H),KOSPI,STOCK,N
484870,엠앤씨솔루션,KOSPI,STOCK,Y
484880,SOL 금융지주플러스고배당,KOSPI,STOCK,N
484890,SOL 머니마켓액티브,KOSPI,STOCK,N
485540,KODEX 미국AI테크TOP10,KOSPI,STOCK,N
485690,RISE 미국AI밸류체인TOP3Plus,KOSPI,STOCK,N
485810,TIME 글로벌바이오액티브,KOSPI,STOCK,N
486240,DAISHIN343 AI반도체&인프라액티브,KOSPI,STOCK,N
486290,TIGER 미국나스닥100타겟데일리커버드콜,KOSPI,STOCK,N
486450,SOL 미국AI전력인프라,KOSPI,STOCK,N
486830,HANARO 머니마켓액티브,KOSPI,STOCK,N
487130,KoAct AI인프라액티브,KOSPI,STOCK,N
487230,KODEX 미국AI전력핵심인프라,KOSPI,STOCK,N
487240,KODEX AI전력핵심설비,KOSPI,STOCK,N
487340,ACE 머니마켓액티브,KOSPI,STOCK,N
487570,HS효성,KOSPI,STOCK,N
487750,BNK 온디바이스AI,KOSPI,STOCK,N
487910,ACE 인도컨슈머파워액티브,KOSPI,STOCK,N
487920,ACE 인도시장대표BIG5그룹액티브,KOSPI,STOCK,N
487950,KODEX 대만테크고배당다우존스,KOSPI,STOCK,N
488080,TIGER 반도체TOP10레버리지,KOSPI,STOCK,N
488200,KIWOOM K-2차전지북미공급망,KOSPI,STOCK,N
488210,KIWOOM K-반도체북미공급망,KOSPI,STOCK,N
488290,마이다스 일본테크액티브,KOSPI,STOCK,N
488480,RISE 일본섹터TOP4Plus,KOSPI,STOCK,N
488500,TIGER 미국S&P500동일가중,KOSPI,STOCK,N
488720,WON 종합채권(AA-이상)액티브,KOSPI,STOCK,N
488770,KODEX 머니마켓액티브,KOSPI,STOCK,N
488980,SOL 26-12 회사채(AA-이상)액티브,KOSPI,STOCK,N
489000,PLUS 일본엔화초단기국채(합성),KOSPI,STOCK,N
489010,PLUS 글로벌AI인프라,KOSPI,STOCK,N
489030,PLUS 고배당주위클리커버드콜,KOSPI,STOCK,N
489250,KODEX 미국배당다우존스,KOSPI,STOCK,N
489290,WON 미국빌리어네어,KOSPI,STOCK,N
489790,한화비전,KOSPI,STOCK,Y
489860,KIWOOM 글로벌전력GRID인프라,KOSPI,STOCK,N
490090,TIGER 미국AI빅테크10,KOSPI,STOCK,N
490330,KoAct 미국치매&뇌질환치료제액티브,KOSPI,STOCK,N
490480,SOL K방산,KOSPI,STOCK,N
490490,SOL 미국배당미국채혼합50,KOSPI,STOCK,N
490590,RISE 미국AI밸류체인데일리고정커버드콜,KOSPI,STOCK,N
490600,RISE 미국배당100데일리고정커버드콜,KOSPI,STOCK,N
491010,TIGER 글로벌AI전력인프라액티브,KOSPI,STOCK,N
491090,KODEX 미국테크TOP3플러스,KOSPI,STOCK,N
491220,PLUS 200TR,KOSPI,STOCK,N
491230,PLUS 국공채머니마켓액티브,KOSPI,STOCK,N
491510,파워 K-주주가치액티브,KOSPI,STOCK,N
491610,1Q CD금리액티브(합성),KOSPI,STOCK,N
491620,RISE 미국테크100데일리고정커버드콜,KOSPI,STOCK,N
491630,RISE 미국반도체인버스(합성 H),KOSPI,STOCK,N
491700,HK 200,KOSPI,STOCK,N
491820,HANARO 전력설비투자,KOSPI,STOCK,N
491830,TIGER 미국AI반도체팹리스,KOSPI,STOCK,N
492500,1Q 현대차그룹채권(A+이상)&국고통안,KOSPI,STOCK,N
493420,SOL 미국배당다우존스2호,KOSPI,STOCK,N
493810,TIGER 미국AI빅테크10타겟데일리커버드콜,KOSPI,STOCK,N
494180,TIME 글로벌소비트렌드액티브,KOSPI,STOCK,N
494210,SOL 미국500타겟데일리커버드콜액티브,KOSPI,STOCK,N
494220,UNICORN SK하이닉스밸류체인액티브,KOSPI,STOCK,N
494300,KODEX 미국나스닥100데일리커버드콜OTM,KOSPI,STOCK,N
494310,KODEX 반도체레버리지,KOSPI,STOCK,N
494330,ACE 라이프자산주주가치액티브,KOSPI,STOCK,N
494340,ACE 글로벌AI맞춤형반도체,KOSPI,STOCK,N
494410,PLUS 미국S&P500성장주,KOSPI,STOCK,N
494420,PLUS 미국배당증가성장주데일리커버드콜,KOSPI,STOCK,N
494670,TIGER 조선TOP10,KOSPI,STOCK,N
494840,TIGER 미국방산TOP10,KOSPI,STOCK,N
494890,KODEX 200액티브,KOSPI,STOCK,N
495040,PLUS 코리아밸류업,KOSPI,STOCK,N
495050,RISE 코리아밸류업,KOSPI,STOCK,N
495060,TIME 코리아밸류업액티브,KOSPI,STOCK,N
495230,KoAct 코리아밸류업액티브,KOSPI,STOCK,N
495330,1Q 코리아밸류업,KOSPI,STOCK,N
495550,SOL 코리아밸류업TR,KOSPI,STOCK,N
495710,BNK 26-06 특수채(AAA이상)액티브,KOSPI,STOCK,N
495750,HANARO 코리아밸류업,KOSPI,STOCK,N
495850,KODEX 코리아밸류업,KOSPI,STOCK,N
495940,RISE 미국AI테크액티브,KOSPI,STOCK,N
496020,WON 전단채플러스액티브,KOSPI,STOCK,N
496080,TIGER 코리아밸류업,KOSPI,STOCK,N
496090,KIWOOM 코리아밸류업,KOSPI,STOCK,N
496120,ACE 코리아밸류업,KOSPI,STOCK,N
496130,TRUSTON 코리아밸류업액티브,KOSPI,STOCK,N
496770,PLUS 글로벌방산,KOSPI,STOCK,N
497510,ACE 글로벌빅파마,KOSPI,STOCK,N
497520,ACE 일라이릴리밸류체인,KOSPI,STOCK,N
497570,TIGER 미국필라델피아AI반도체나스닥,KOSPI,STOCK,N
497780,KoAct 미국천연가스인프라액티브,KOSPI,STOCK,N
497880,SOL CD금리&머니마켓액티브,KOSPI,STOCK,N
498050,HANARO 바이오코리아액티브,KOSPI,STOCK,N
498180,파워 종합채권(AA-이상)액티브,KOSPI,STOCK,N
498270,KIWOOM 미국양자컴퓨팅,KOSPI,STOCK,N
498400,KODEX 200타겟위클리커버드콜,KOSPI,STOCK,N
498410,KODEX 금융고배당TOP10타겟위클리커버드콜,KOSPI,STOCK,N
498610,RISE 인도디지털성장,KOSPI,STOCK,N
498860,RISE 코리아금융고배당,KOSPI,STOCK,N
499150,SOL 미국S&P500엔화노출(H),KOSPI,STOCK,N
499660,TIGER CD금리플러스액티브(합성),KOSPI,STOCK,N
499790,GS피앤엘,KOSPI,STOCK,N
500020,신한 레버리지 다우존스지수 선물 ETN(H),KOSPI,STOCK,N
500023,신한 콩 선물 ETN(H),KOSPI,STOCK,N
500024,신한 인버스 콩 선물 ETN(H),KOSPI,STOCK,N
500028,신한 인버스 2X 다우존스지수 선물 ETN(H),KOSPI,STOCK,N
500029,신한 레버리지 은 선물 ETN(H),KOSPI,STOCK,N
500030,신한 인버스 2X 은 선물 ETN(H),KOSPI,STOCK,N
500035,신한 레버리지 미국달러 선물 ETN,KOSPI,STOCK,N
500036,신한 인버스 2X 미국달러 선물 ETN,KOSPI,STOCK,N
500037,신한 레버리지 금 선물 ETN,KOSPI,STOCK,N
500038,신한 인버스 2X 금 선물 ETN,KOSPI,STOCK,N
500040,신한 레버리지 구리 선물 ETN,KOSPI,STOCK,N
500041,신한 인버스 2X 구리 선물 ETN,KOSPI,STOCK,N
500050,신한 레버리지 S&P500 선물 ETN,KOSPI,STOCK,N
500051,신한 인버스 2X S&P500 선물 ETN,KOSPI,STOCK,N
500061,신한 인버스 코스피 200 선물 ETN,KOSPI,STOCK,N
500063,신한 인버스 코스닥 150 선물 ETN,KOSPI,STOCK,N
500067,신한 레버리지 10년 국채선물 ETN,KOSPI,STOCK,N
500068,신한 인버스 2X 10년 국채선물 ETN,KOSPI,STOCK,N
500069,신한 레버리지 코스피 200 선물 ETN,KOSPI,STOCK,N
500070,신한 인버스 2X 코스피 200 선물 ETN,KOSPI,STOCK,N
500071,신한 레버리지 코스닥 150 선물 ETN,KOSPI,STOCK,N
500072,신한 인버스 2X 코스닥 150 선물 ETN,KOSPI,STOCK,N
500077,신한 인버스0.5X S&P500 VIX S/T선물 ETN,KOSPI,STOCK,N
500078,신한 S&P 유로 선물 ETN(H),KOSPI,STOCK,N
500079,신한 S&P 인버스 유로 선물 ETN(H),KOSPI,STOCK,N
500080,신한 S&P 레버리지 유로 선물 ETN(H),KOSPI,STOCK,N
500081,신한 S&P 인버스 2X 유로 선물 ETN(H),KOSPI,STOCK,N
500082,신한 블룸버그 2X 천연가스 선물 ETN,KOSPI,STOCK,N
500085,신한 코스피 200 TR ETN,KOSPI,STOCK,N
500086,신한 코스닥 150 TR ETN,KOSPI,STOCK,N
500087,신한 26-05 은행채(AAA) ETN,KOSPI,STOCK,N
500088,신한 2X 26-05 은행채(AAA) ETN,KOSPI,STOCK,N
500089,신한 26-05 공사채(AAA) ETN,KOSPI,STOCK,N
500090,신한 2X 26-05 공사채(AAA) ETN,KOSPI,STOCK,N
500091,신한 33-12 국고채 플러스 ETN,KOSPI,STOCK,N
500093,신한 블룸버그 레버리지 WTI원유선물 ETN,KOSPI,STOCK,N
500094,신한 블룸버그 인버스2X WTI원유선물 ETN,KOSPI,STOCK,N
500095,신한 S&P500 VIX S/T 선물 ETN E,KOSPI,STOCK,N
500096,신한 인버스2X 천연가스 선물 ETN B,KOSPI,STOCK,N
500097,신한 레버리지 Russell 2000 ETN B,KOSPI,STOCK,N
500098,신한 인버스 2X Russell 2000 ETN B,KOSPI,STOCK,N
500099,신한 WTI원유 선물 ETN,KOSPI,STOCK,N
500100,신한 금 선물 ETN,KOSPI,STOCK,N
510016,대신 천연가스 선물 ETN(H),KOSPI,STOCK,N
510027,대신 인버스 2X 코스닥 150 선물 ETN,KOSPI,STOCK,N
510043,대신 인버스 천연가스 선물 ETN(H) B,KOSPI,STOCK,N
520009,미래에셋 레버리지 원유선물혼합 ETN(H),KOSPI,STOCK,N
520037,미래에셋 코스피200 선물 ETN,KOSPI,STOCK,N
520038,미래에셋 인버스 코스피200 선물 ETN,KOSPI,STOCK,N
520039,미래에셋 코스닥150 선물 ETN,KOSPI,STOCK,N
520040,미래에셋 인버스 코스닥150 선물 ETN,KOSPI,STOCK,N
520046,미래에셋 레버리지 옥수수 선물 ETN,KOSPI,STOCK,N
520047,미래에셋 인버스 2X 옥수수 선물 ETN,KOSPI,STOCK,N
520050,미래에셋 인버스 2X 원유선물혼합 ETN(H),KOSPI,STOCK,N
520054,미래에셋 레버리지 코스피200 선물 ETN,KOSPI,STOCK,N
520055,미래에셋 인버스 2X 코스피200 선물 ETN,KOSPI,STOCK,N
520056,미래에셋 레버리지 코스닥150 선물 ETN,KOSPI,STOCK,N
520057,미래에셋 인버스 2X 코스닥150 선물 ETN,KOSPI,STOCK,N
520064,미래에셋 2X 미국채울트라30년 선물 ETN,KOSPI,STOCK,N
520065,미래에셋 -2X 미국채울트라30년 선물 ETN,KOSPI,STOCK,N
520066,미래에셋 KRX금현물 Auto-KO-C 2810-01 ET,KOSPI,STOCK,N
520068,미래에셋 2X 홍콩H 선물 ETN,KOSPI,STOCK,N
520069,미래에셋 -2X 홍콩H 선물 ETN(H),KOSPI,STOCK,N
520072,미래에셋 미국 AI TOP3 ETN,KOSPI,STOCK,N
520073,미래에셋 레버리지 미국 AI TOP3 ETN,KOSPI,STOCK,N
520074,미래에셋 미국 방위산업 TOP3 ETN,KOSPI,STOCK,N
520075,미래에셋 레버리지 미국 방위산업 TOP3 ET,KOSPI,STOCK,N
520076,미래에셋 1.5X 천연가스 선물 ETN,KOSPI,STOCK,N
520077,미래에셋 -1.5X 천연가스 선물 ETN,KOSPI,STOCK,N
520078,미래에셋 미국 제약 TOP3 ETN,KOSPI,STOCK,N
520079,미래에셋 레버리지 미국 제약 TOP3 ETN,KOSPI,STOCK,N
520080,미래에셋 미국 테크&반도체 TOP3 ETN,KOSPI,STOCK,N
520081,미래에셋 2X 미국 테크&반도체 TOP3 ETN,KOSPI,STOCK,N
520082,미래에셋 미국 자율주행대표기업 ETN,KOSPI,STOCK,N
520083,미래에셋 2X 미국 자율주행대표기업 ETN,KOSPI,STOCK,N
520084,미래에셋 -2X 미국 자율주행대표기업 ETN,KOSPI,STOCK,N
520085,미래에셋 -2X 미국 AI TOP3 ETN,KOSPI,STOCK,N
520086,미래에셋-0.5X S&P500 VIX S/T선물 ETN(H),KOSPI,STOCK,N
520087,미래에셋 레버리지 KRX 금현물 ETN,KOSPI,STOCK,N
520088,미래에셋 S&P500 VIX S/T 선물 ETN(H),KOSPI,STOCK,N
520089,미래에셋 CAPE 실러 US Core Sector ETN,KOSPI,STOCK,N
520090,미래에셋 천연가스 선물 ETN B,KOSPI,STOCK,N
520091,미래에셋 인버스 천연가스 선물 ETN B,KOSPI,STOCK,N
520092,미래에셋 레버리지 은 선물 ETN B,KOSPI,STOCK,N
520093,미래에셋 인버스 2X 은 선물 ETN B,KOSPI,STOCK,N
520094,미래에셋 CD금리 플러스 ETN,KOSPI,STOCK,N
530031,삼성 레버리지 WTI원유 선물 ETN,KOSPI,STOCK,N
530036,삼성 인버스 2X WTI원유 선물 ETN,KOSPI,STOCK,N
530055,삼성 레버리지 금 선물 ETN(H),KOSPI,STOCK,N
530056,삼성 인버스 2X 금 선물 ETN(H),KOSPI,STOCK,N
530060,삼성 코스피 양매도 5% OTM ETN,KOSPI,STOCK,N
530061,삼성 레버리지 은 선물 ETN(H),KOSPI,STOCK,N
530062,삼성 인버스 2X 은 선물 ETN(H),KOSPI,STOCK,N
530063,삼성 레버리지 구리 선물 ETN(H),KOSPI,STOCK,N
530064,삼성 인버스 2X 구리 선물 ETN(H),KOSPI,STOCK,N
530067,삼성 KRX 금현물 ETN,KOSPI,STOCK,N
530083,삼성 금 선물 ETN(H),KOSPI,STOCK,N
530084,삼성 인버스 금 선물 ETN(H),KOSPI,STOCK,N
530089,삼성 은 선물 ETN(H),KOSPI,STOCK,N
530090,삼성 인버스 은 선물 ETN(H),KOSPI,STOCK,N
530092,삼성 인버스 코스피 200 선물 ETN,KOSPI,STOCK,N
530094,삼성 인버스 코스닥 150 선물 ETN,KOSPI,STOCK,N
530095,삼성 구리 선물 ETN(H),KOSPI,STOCK,N
530096,삼성 인버스 구리 선물 ETN(H),KOSPI,STOCK,N
530104,삼성 레버리지 코스피200 선물 ETN,KOSPI,STOCK,N
530105,삼성 인버스 2X 코스피200 선물 ETN,KOSPI,STOCK,N
530106,삼성 레버리지 코스닥150 선물 ETN,KOSPI,STOCK,N
530107,삼성 인버스 2X 코스닥150 선물 ETN,KOSPI,STOCK,N
530111,삼성 레버리지 천연가스 선물 ETN C,KOSPI,STOCK,N
530112,삼성 S&P500 TR ETN,KOSPI,STOCK,N
530113,삼성 레버리지 S&P500 선물 ETN,KOSPI,STOCK,N
530114,삼성 인버스 2X S&P500 선물 ETN,KOSPI,STOCK,N
530115,삼성 레버리지 나스닥 100 TR ETN,KOSPI,STOCK,N
530116,삼성 인버스 2X 나스닥 100 TR ETN,KOSPI,STOCK,N
530117,삼성 코스피 200 TR ETN,KOSPI,STOCK,N
530118,삼성 코스닥 150 TR ETN,KOSPI,STOCK,N
530119,삼성 레버리지 항셍테크 TR ETN(H) B,KOSPI,STOCK,N
530120,삼성 나스닥 100 TR ETN,KOSPI,STOCK,N
530121,삼성 항셍테크 TR ETN(H) B,KOSPI,STOCK,N
530122,삼성 인버스 2X 항셍테크 TR ETN(H) B,KOSPI,STOCK,N
530123,삼성 일본니케이225선물 ETN(H),KOSPI,STOCK,N
530124,삼성 레버리지 일본니케이225선물 ETN(H),KOSPI,STOCK,N
530125,삼성 인버스 2X 일본니케이225선물 ETN(H),KOSPI,STOCK,N
530126,삼성 코리아 밸류업 TR ETN,KOSPI,STOCK,N
530127,삼성 미국다우존스 TR ETN,KOSPI,STOCK,N
530128,삼성 레버리지 미국다우존스 선물 ETN,KOSPI,STOCK,N
530129,삼성 인버스 2X 미국다우존스 선물 ETN,KOSPI,STOCK,N
530130,삼성 S&P500 VIX S/T 선물 ETN B,KOSPI,STOCK,N
530131,삼성 인버스0.5X S&P500 VIX S/T선물 ETN,KOSPI,STOCK,N
530132,삼성 블룸버그 WTI원유 선물 ETN B,KOSPI,STOCK,N
530133,삼성 블룸버그 레버리지 WTI원유선물 ETN,KOSPI,STOCK,N
530134,삼성 블룸버그 인버스2X WTI원유선물 ETN,KOSPI,STOCK,N
530135,삼성 인버스 China A50 선물 ETN(H) B,KOSPI,STOCK,N
530136,삼성 인버스 2X 천연가스 선물 ETN D,KOSPI,STOCK,N
530137,삼성 KRX 2차전지 TOP10 TR ETN,KOSPI,STOCK,N
530138,삼성 KRX 레버리지 2차전지 TOP10 TR ETN,KOSPI,STOCK,N
530139,삼성 iSelect 조선 TOP10 TR ETN,KOSPI,STOCK,N
530140,삼성 iSelect 레버리지 조선 TOP10 TR ETN,KOSPI,STOCK,N
530141,삼성 중국 자동차 TOP5 TR ETN(H),KOSPI,STOCK,N
530142,삼성 중국 AI 테크 TOP5 TR ETN(H),KOSPI,STOCK,N
530143,삼성 인버스 2X 은 선물 ETN,KOSPI,STOCK,N
550041,N2 미국 IT TOP5 ETN(H),KOSPI,STOCK,N
550043,N2 인버스 레버리지 WTI원유 선물 ETN(H),KOSPI,STOCK,N
550062,N2 레버리지 금 선물 ETN(H),KOSPI,STOCK,N
550063,N2 인버스 레버리지 금 선물 ETN(H),KOSPI,STOCK,N
550064,N2 레버리지 은 선물 ETN(H),KOSPI,STOCK,N
550069,N2 레버리지 구리 선물 ETN(H),KOSPI,STOCK,N
550070,N2 인버스 레버리지 구리 선물 ETN(H),KOSPI,STOCK,N
550082,N2 KIS CD금리투자 ETN,KOSPI,STOCK,N
550084,N2 코스피 200 TR ETN,KOSPI,STOCK,N
550085,N2 코스닥 150 TR ETN,KOSPI,STOCK,N
550087,N2 선진국 1등주 ETN,KOSPI,STOCK,N
550088,N2 월간 레버리지 선진국 1등주 ETN,KOSPI,STOCK,N
550089,N2 월간 레버리지 코스피 200 선물 ETN,KOSPI,STOCK,N
550091,N2 방위산업 Top5 ETN,KOSPI,STOCK,N
550092,N2 월간 레버리지 방위산업 Top5 ETN,KOSPI,STOCK,N
550093,N2 전력인프라 Top5 ETN,KOSPI,STOCK,N
550095,N2 레버리지 국채10년 ETN,KOSPI,STOCK,N
550096,N2 레버리지 국채30년 ETN,KOSPI,STOCK,N
550097,N2 레버리지 코스닥150 선물 ETN,KOSPI,STOCK,N
550098,N2 인버스 2X 코스닥150 선물 ETN,KOSPI,STOCK,N
550099,N2 레버리지 천연가스 선물 ETN,KOSPI,STOCK,N
550100,N2 인버스 2X 천연가스 선물 ETN,KOSPI,STOCK,N
570019,한투 코스피 양매도 5% OTM ETN,KOSPI,STOCK,N
570022,한투 레버리지 S&P500 선물 ETN(H),KOSPI,STOCK,N
570023,한투 인버스 2X S&P500 선물 ETN(H),KOSPI,STOCK,N
570029,한투 코스피 양매도 3% OTM ETN,KOSPI,STOCK,N
570047,한투 FTSE100 ETN,KOSPI,STOCK,N
570050,한투 S&P500 선물 ETN,KOSPI,STOCK,N
570051,한투 나스닥 100 ETN,KOSPI,STOCK,N
570054,한투 레버리지 유로스탁스50 ETN(H) B,KOSPI,STOCK,N
570055,한투 금 선물 ETN,KOSPI,STOCK,N
570056,한투 인버스 금 선물 ETN,KOSPI,STOCK,N
570057,한투 은 선물 ETN,KOSPI,STOCK,N
570058,한투 인버스 은 선물 ETN,KOSPI,STOCK,N
570059,한투 레버리지 금 선물 ETN,KOSPI,STOCK,N
570060,한투 인버스 2X 금 선물 ETN,KOSPI,STOCK,N
570061,한투 레버리지 은 선물 ETN,KOSPI,STOCK,N
570063,한투 베트남 VN30 선물 ETN(H),KOSPI,STOCK,N
570064,한투 인버스 베트남 VN30 선물 ETN(H),KOSPI,STOCK,N
570065,한투 레버리지 베트남 VN30 선물 ETN(H),KOSPI,STOCK,N
570066,한투 인버스 2X 베트남 VN30 선물 ETN(H),KOSPI,STOCK,N
570069,한투 레버리지 플래티넘 선물 ETN,KOSPI,STOCK,N
570070,한투 인버스 2X 플래티넘 선물 ETN,KOSPI,STOCK,N
570071,한투 구리 선물 ETN,KOSPI,STOCK,N
570072,한투 레버리지 구리 선물 ETN,KOSPI,STOCK,N
570073,한투 인버스 2X 구리 선물 ETN,KOSPI,STOCK,N
570074,한투 S&P 유럽탄소배출권 선물 ETN(H),KOSPI,STOCK,N
570081,한투 레버리지 코스닥150선물 ETN,KOSPI,STOCK,N
570082,한투 인버스 2X 코스닥150선물 ETN,KOSPI,STOCK,N
570085,한투 블룸버그 인도네시아 대표원자재 ETN,KOSPI,STOCK,N
570090,한투 KIS CD금리투자 ETN,KOSPI,STOCK,N
570091,한투 인버스 유로스탁스50 ETN(H) C,KOSPI,STOCK,N
570092,한투 인버스 2X 유로스탁스50 ETN(H) B,KOSPI,STOCK,N
570093,한투 레버리지 천연가스 선물 ETN B,KOSPI,STOCK,N
570094,한투 일본 엔선물 ETN C,KOSPI,STOCK,N
570095,한투 레버리지 일본 엔선물 ETN C,KOSPI,STOCK,N
570096,한투 인버스 2X 일본 엔선물 ETN,KOSPI,STOCK,N
570097,한투 S&P 엔달러 선물 ETN(H),KOSPI,STOCK,N
570098,한투 S&P 레버리지 엔달러 선물 ETN(H),KOSPI,STOCK,N
570099,한투 S&P 인버스 2X 엔달러 선물 ETN(H),KOSPI,STOCK,N
570100,한투 일본종합상사TOP5 ETN,KOSPI,STOCK,N
570101,한투 인버스 나스닥100 ETN B,KOSPI,STOCK,N
570102,한투 레버리지 나스닥100 ETN B,KOSPI,STOCK,N
570103,한투 인버스2X 나스닥100 ETN B,KOSPI,STOCK,N
570104,한투 일본니케이225선물 ETN(H),KOSPI,STOCK,N
570105,한투 인버스일본니케이225선물 ETN(H),KOSPI,STOCK,N
570106,한투 레버리지일본니케이225선물 ETN(H),KOSPI,STOCK,N
570107,한투 인버스2X일본니케이225선물 ETN(H),KOSPI,STOCK,N
570108,한투 레버리지국채30년 ETN,KOSPI,STOCK,N
570109,한투 레버리지미국채30년 ETN,KOSPI,STOCK,N
570110,한투 3X레버리지국채30년 ETN,KOSPI,STOCK,N
570111,한투 3X레버리지미국채30년 ETN,KOSPI,STOCK,N
570114,한투 S&P500 VIX S/T선물 ETN(H) B,KOSPI,STOCK,N
570115,한투 인버스0.5X S&P500 VIX S/T선물 ETN,KOSPI,STOCK,N
570116,한투 블룸버그레버리지WTI원유선물 ETN B,KOSPI,STOCK,N
570117,한투 블룸버그인버스2XWTI원유선물 ETN B,KOSPI,STOCK,N
570118,한투 인버스2X천연가스선물 ETN B,KOSPI,STOCK,N
570119,한투 인버스2X은선물 ETN,KOSPI,STOCK,N
580010,KB Wise 분할매매 ETN,KOSPI,STOCK,N
580016,KB 레버리지 S&P 500 선물 ETN(H),KOSPI,STOCK,N
580017,KB 인버스 2X S&P 500 선물 ETN,KOSPI,STOCK,N
580019,KB 인버스 2X 항셍테크 선물 ETN,KOSPI,STOCK,N
580020,KB 천연가스 선물 ETN(H),KOSPI,STOCK,N
580021,KB 인버스 천연가스 선물 ETN,KOSPI,STOCK,N
580022,KB 레버리지 금 선물 ETN(H),KOSPI,STOCK,N
580023,KB 인버스 2X 금 선물 ETN(H),KOSPI,STOCK,N
580026,KB S&P 레버리지 은 선물 ETN(H),KOSPI,STOCK,N
580032,KB 레버리지 구리 선물 ETN(H),KOSPI,STOCK,N
580033,KB 인버스 2X 구리 선물 ETN(H),KOSPI,STOCK,N
580034,KB 레버리지 FANG 플러스 ETN(H),KOSPI,STOCK,N
580035,KB S&P 유럽탄소배출권 선물 ETN(H),KOSPI,STOCK,N
580039,KB 레버리지 KOSPI 200 선물 ETN,KOSPI,STOCK,N
580040,KB 인버스 2X KOSPI 200 선물 ETN,KOSPI,STOCK,N
580043,KB 레버리지 KOSDAQ 150 선물 ETN,KOSPI,STOCK,N
580044,KB 인버스 2X KOSDAQ 150 선물 ETN,KOSPI,STOCK,N
580047,KB 레버리지 항셍테크 선물 ETN(H) B,KOSPI,STOCK,N
580048,KB 차이나 대형주 CSI 300 ETN,KOSPI,STOCK,N
580049,KB 차이나 중형주 CSI 500 ETN,KOSPI,STOCK,N
580050,KB 차이나 과창판 STAR 50 ETN,KOSPI,STOCK,N
580051,KB 레버리지 밀 선물 ETN,KOSPI,STOCK,N
580052,KB 인버스 2X 밀 선물 ETN,KOSPI,STOCK,N
580053,KB 레버리지 콩 선물 ETN,KOSPI,STOCK,N
580054,KB 인버스 2X 콩 선물 ETN,KOSPI,STOCK,N
580055,KB 블룸버그 레버리지 천연가스 선물 ETN,KOSPI,STOCK,N
580056,KB 일본 로보틱스 TOP 10 ETN,KOSPI,STOCK,N
580057,KB 일본 컨슈머 TOP 10 ETN,KOSPI,STOCK,N
580058,KB KIS CD금리투자 ETN,KOSPI,STOCK,N
580059,KB 미국채 10년 ETN,KOSPI,STOCK,N
580060,KB 레버리지 미국채 10년 ETN,KOSPI,STOCK,N
580061,KB 미국채 30년 ETN,KOSPI,STOCK,N
580062,KB 레버리지 미국채 30년 ETN,KOSPI,STOCK,N
580063,KB 레버리지 미국채 10년 선물 ETN,KOSPI,STOCK,N
580064,KB 인버스 2X 미국채 10년 선물 ETN,KOSPI,STOCK,N
580065,KB 코스닥 150 TR ETN,KOSPI,STOCK,N
580066,KB 인도 대형 성장주 Select 5 ETN,KOSPI,STOCK,N
580067,KB 인도 디지털 Select 5 ETN,KOSPI,STOCK,N
580068,KB S&P 레버리지 WTI원유 선물 ETN B,KOSPI,STOCK,N
580069,KB S&P 인버스 2X WTI원유 선물 ETN B,KOSPI,STOCK,N
580070,KB 레버리지 2차전지 TOP 10 TR ETN,KOSPI,STOCK,N
580071,KB 인버스 2X 천연가스 선물 ETN B,KOSPI,STOCK,N
580072,KB 화웨이 밸류체인 ETN,KOSPI,STOCK,N
580073,KB 레버리지 화웨이 밸류체인 ETN,KOSPI,STOCK,N
580074,KB BYD 밸류체인 ETN,KOSPI,STOCK,N
580075,KB 레버리지 BYD 밸류체인 ETN,KOSPI,STOCK,N
580076,KB 레버리지 미국 나스닥 100 TR ETN B,KOSPI,STOCK,N
580077,KB 인버스 2X 미국 나스닥 100 TR ETN B,KOSPI,STOCK,N
580078,KB 은 선물 ETN,KOSPI,STOCK,N
580079,KB 레버리지 은 선물 ETN,KOSPI,STOCK,N
580080,KB 인버스 은 선물 ETN,KOSPI,STOCK,N
580081,KB 인버스 2X 은 선물 ETN,KOSPI,STOCK,N
610001,메리츠 인플레이션 국채 ETN,KOSPI,STOCK,N
610003,메리츠 미국 인플레이션 국채 ETN(H),KOSPI,STOCK,N
610007,메리츠 국채30년 ETN,KOSPI,STOCK,N
610008,메리츠 레버리지 국채30년 ETN,KOSPI,STOCK,N
610009,메리츠 인버스 국채30년 ETN,KOSPI,STOCK,N
610012,메리츠 레버리지 금 선물 ETN(H),KOSPI,STOCK,N
610013,메리츠 인버스 2X 금 선물 ETN(H),KOSPI,STOCK,N
610018,메리츠 국채10년 ETN,KOSPI,STOCK,N
610020,메리츠 인버스 국채10년 ETN,KOSPI,STOCK,N
610022,메리츠 미국채10년 ETN(H),KOSPI,STOCK,N
610023,메리츠 레버리지 미국채10년 ETN(H),KOSPI,STOCK,N
610024,메리츠 인버스 미국채10년 ETN(H),KOSPI,STOCK,N
610025,메리츠 인버스 2X 미국채10년 ETN(H),KOSPI,STOCK,N
610028,메리츠 레버리지 구리 선물 ETN(H),KOSPI,STOCK,N
610029,메리츠 인버스 2X 구리 선물 ETN(H),KOSPI,STOCK,N
610030,메리츠 S&P 유럽탄소배출권 선물 ETN(H),KOSPI,STOCK,N
610034,메리츠 대표 농산물 선물 ETN(H),KOSPI,STOCK,N
610035,메리츠 레버리지 대표 농산물 선물 ETN(H),KOSPI,STOCK,N
610036,메리츠 인버스 2X 대표 농산물 선물 ETN(H,KOSPI,STOCK,N
610037,메리츠 미국채30년 ETN(H),KOSPI,STOCK,N
610038,메리츠 레버리지 미국채30년 ETN(H),KOSPI,STOCK,N
610039,메리츠 인버스 미국채30년 ETN(H),KOSPI,STOCK,N
610040,메리츠 인버스 2X 미국채30년 ETN(H),KOSPI,STOCK,N
610045,메리츠 국채3년 ETN,KOSPI,STOCK,N
610047,메리츠 인버스 국채3년 ETN,KOSPI,STOCK,N
610049,메리츠 국채5년 ETN,KOSPI,STOCK,N
610051,메리츠 인버스 국채5년 ETN,KOSPI,STOCK,N
610055,메리츠 3X 레버리지 국채3년 ETN,KOSPI,STOCK,N
610056,메리츠 인버스 3X 국채3년 ETN,KOSPI,STOCK,N
610057,메리츠 3X 레버리지 국채5년 ETN,KOSPI,STOCK,N
610058,메리츠 인버스 3X 국채5년 ETN,KOSPI,STOCK,N
610059,메리츠 3X 레버리지 국채10년 ETN,KOSPI,STOCK,N
610060,메리츠 인버스 3X 국채10년 ETN,KOSPI,STOCK,N
610061,메리츠 3X 레버리지 국채30년 ETN,KOSPI,STOCK,N
610062,메리츠 인버스 3X 국채30년 ETN,KOSPI,STOCK,N
610063,메리츠 KIS CD금리투자 ETN,KOSPI,STOCK,N
610064,메리츠 KAP 통안채 6개월 ETN,KOSPI,STOCK,N
610066,메리츠 KAP 통안채 3개월 ETN,KOSPI,STOCK,N
610067,메리츠 블룸버그 2X 천연가스선물 ETN(H),KOSPI,STOCK,N
610068,메리츠 KAP 일본 엔화 ETN,KOSPI,STOCK,N
610069,메리츠 KAP 레버리지 일본 엔화 ETN,KOSPI,STOCK,N
610070,메리츠 KAP 인버스 2X 일본 엔화 ETN,KOSPI,STOCK,N
610071,메리츠 KAP 중국 위안화 ETN,KOSPI,STOCK,N
610072,메리츠 KAP 레버리지 중국 위안화 ETN,KOSPI,STOCK,N
610073,메리츠 KAP 인버스 2X 중국 위안화 ETN,KOSPI,STOCK,N
610074,메리츠 미국채10년 ETN,KOSPI,STOCK,N
610075,메리츠 3X 레버리지 미국채10년 ETN,KOSPI,STOCK,N
610076,메리츠 인버스 3X 미국채10년 ETN,KOSPI,STOCK,N
610077,메리츠 미국채30년 ETN,KOSPI,STOCK,N
610078,메리츠 3X 레버리지 미국채30년 ETN,KOSPI,STOCK,N
610079,메리츠 인버스 3X 미국채30년 ETN,KOSPI,STOCK,N
610080,메리츠 멕시코 페소화 ETN,KOSPI,STOCK,N
610081,메리츠 레버리지 멕시코 페소화 ETN,KOSPI,STOCK,N
610082,메리츠 인도 루피화 ETN,KOSPI,STOCK,N
610083,메리츠 레버리지 인도 루피화 ETN,KOSPI,STOCK,N
610084,메리츠 미국채30년 스트립 ETN(H),KOSPI,STOCK,N
610085,메리츠 레버리지 미국채30년 스트립 ETN(H,KOSPI,STOCK,N
610086,메리츠 인버스2X 미국채30년 스트립 ETN(H,KOSPI,STOCK,N
610087,메리츠 솔랙티브 WTI원유 선물 ETN(H),KOSPI,STOCK,N
610088,메리츠 솔랙티브 2X WTI원유 선물 ETN(H),KOSPI,STOCK,N
610089,메리츠 솔랙티브 -2X WTI원유 선물 ETN(H),KOSPI,STOCK,N
610090,메리츠 일본 국채 10년 ETN,KOSPI,STOCK,N
610091,메리츠 3X 레버리지 일본 국채 10년 ETN,KOSPI,STOCK,N
610092,메리츠 인버스 일본 국채 10년 ETN,KOSPI,STOCK,N
610093,메리츠 인버스 3X 일본 국채 10년 ETN,KOSPI,STOCK,N
610094,메리츠 천연가스 선물 ETN(H),KOSPI,STOCK,N
610095,메리츠 2X 천연가스 선물 ETN(H),KOSPI,STOCK,N
610096,메리츠 -2X 천연가스 선물 ETN(H),KOSPI,STOCK,N
610097,메리츠 미국채30년스트립 커버드콜 ETN(H),KOSPI,STOCK,N
610098,메리츠 미국채30년 풋라이트 ETN(H),KOSPI,STOCK,N
610099,메리츠 은 선물 ETN(H),KOSPI,STOCK,N
610100,메리츠 2X 은 선물 ETN(H),KOSPI,STOCK,N
610101,메리츠 -2X 은 선물 ETN(H),KOSPI,STOCK,N
700011,하나 레버리지 옥수수 선물 ETN(H),KOSPI,STOCK,N
700012,하나 인버스 2X 옥수수 선물 ETN(H),KOSPI,STOCK,N
700013,하나 레버리지 콩 선물 ETN(H),KOSPI,STOCK,N
700014,하나 인버스 2X 콩 선물 ETN(H),KOSPI,STOCK,N
700017,하나 레버리지 코스닥150 선물 ETN,KOSPI,STOCK,N
700018,하나 인버스 2X 코스닥150 선물 ETN,KOSPI,STOCK,N
700022,하나 Solactive US Tech Top 10 ETN(H),KOSPI,STOCK,N
700023,하나 Solactive 2X US Tech Top 10 ETN(H),KOSPI,STOCK,N
700025,하나 블룸버그 2X 천연가스 선물 ETN(H) B,KOSPI,STOCK,N
700026,하나 CD금리투자 ETN,KOSPI,STOCK,N
700027,하나 반도체 ETN,KOSPI,STOCK,N
700028,하나 레버리지 반도체 ETN,KOSPI,STOCK,N
700029,하나 S&P 레버리지 WTI원유 선물 ETN B,KOSPI,STOCK,N
700030,하나 S&P 인버스 2X WTI원유 선물 ETN B,KOSPI,STOCK,N
700031,하나 레버리지 천연가스 선물 ETN(H),KOSPI,STOCK,N
700032,하나 인버스 2X 천연가스 선물 ETN(H),KOSPI,STOCK,N
700033,하나 K방산TOP10 ETN,KOSPI,STOCK,N
700034,하나 레버리지 K방산TOP10 ETN,KOSPI,STOCK,N
700035,하나 인버스 2X K방산TOP10 ETN,KOSPI,STOCK,N
700036,하나 인버스 2X 반도체 ETN,KOSPI,STOCK,N
70100026,한투글로벌넥스트웨이브1(A),KOSPI,STOCK,N
70100027,한투글로벌넥스트웨이브1(A-e),KOSPI,STOCK,N
70100028,한투글로벌넥스트웨이브2(A),KOSPI,STOCK,N
70100029,한투글로벌넥스트웨이브2(A-e),KOSPI,STOCK,N
70100030,한투한미핵심성장포커스1(A),KOSPI,STOCK,N
70100031,한투한미핵심성장포커스1(A-e),KOSPI,STOCK,N
70100032,한투한미핵심성장포커스2(A),KOSPI,STOCK,N
70100033,한투한미핵심성장포커스2(A-e),KOSPI,STOCK,N
70100034,한투한미넥스트혁신성장1(A),KOSPI,STOCK,N
70100035,한투한미넥스트혁신성장1(A-e),KOSPI,STOCK,N
70100036,한투한미넥스트혁신성장2(A),KOSPI,STOCK,N
70100037,한투한미넥스트혁신성장2(A-e),KOSPI,STOCK,N
701019,한국투자뉴욕오피스1호,KOSPI,STOCK,N
7010195,밀라노부동산,KOSPI,STOCK,N
7010196,벨기에코어오피스2호,KOSPI,STOCK,N
7010296,룩셈부르크코어오피스(파생형)(A),KOSPI,STOCK,N
7010396,룩셈부르크코어오피스(파생형)(C-I),KOSPI,STOCK,N
70900001,대신하이일드공모주알파증권2호 A,KOSPI,STOCK,N
70900002,대신하이일드공모주알파증권2호 A-e,KOSPI,STOCK,N
7120198,키움히어로즈유럽오피스부동산1호 A,KOSPI,STOCK,N
7120298,키움히어로즈유럽오피스부동산1호 C-I,KOSPI,STOCK,N
7120398,키움히어로즈유럽오피스부동산2호 A,KOSPI,STOCK,N
7120498,키움히어로즈유럽오피스부동산2호 C-I,KOSPI,STOCK,N
7120598,키움히어로즈유럽오피스부동산3호 A,KOSPI,STOCK,N
7120698,키움히어로즈유럽오피스부동산3호 C-I,KOSPI,STOCK,N
7120798,키움히어로즈유럽오피스부동산4호 A,KOSPI,STOCK,N
7120898,키움히어로즈유럽오피스부동산4호 C-I,KOSPI,STOCK,N
73400008,코레이트하이일드공모주만기형3호 A,KOSPI,STOCK,N
73400009,코레이트하이일드공모주만기형3호 A2,KOSPI,STOCK,N
73400010,코레이트하이일드공모주만기형3호 Ae,KOSPI,STOCK,N
74201773,하나대체나사부동산1호,KOSPI,STOCK,N
74401777,맵스미국11호,KOSPI,STOCK,N
74601669,KCGI베트남증권투자신탁,KOSPI,STOCK,N
74701776,이지스코어부동산126호 A,KOSPI,STOCK,N
747019,이지스299호A,KOSPI,STOCK,N
7470197,이지스글로벌281호 Class A,KOSPI,STOCK,N
74702776,이지스코어부동산126호 C-i,KOSPI,STOCK,N
756012,유경공모부동산3호ClassA,KOSPI,STOCK,N
756022,유경공모부동산3호ClassC-I,KOSPI,STOCK,N
757017,현대유퍼스트부동산30호[파생형] A,KOSPI,STOCK,N
757027,현대유퍼스트부동산30호[파생형] C-i,KOSPI,STOCK,N
760004,키움 인버스 미국달러선물 ETN,KOSPI,STOCK,N
760005,키움 INDXX 미국테크탑10 ETN,KOSPI,STOCK,N
760006,키움 KPOP ETN,KOSPI,STOCK,N
760007,키움 코스피 200 TR ETN,KOSPI,STOCK,N
760008,키움 코스닥 150 TR ETN,KOSPI,STOCK,N
760009,키움 CD금리투자 ETN,KOSPI,STOCK,N
760010,키움 2차전지산업 ETN,KOSPI,STOCK,N
760011,키움 레버리지 2차전지산업 ETN,KOSPI,STOCK,N
760012,키움 반도체TOP10 ETN,KOSPI,STOCK,N
760013,키움 레버리지 반도체TOP10 ETN,KOSPI,STOCK,N
760014,키움 바이오TOP10 ETN,KOSPI,STOCK,N
760015,키움 레버리지 바이오TOP10 ETN,KOSPI,STOCK,N
760016,키움 레버리지 조선TOP10 ETN,KOSPI,STOCK,N
760017,키움 조선TOP10 ETN,KOSPI,STOCK,N
760018,키움 미국달러선물 ETN B,KOSPI,STOCK,N
760019,키움 리츠부동산인프라 ETN,KOSPI,STOCK,N
760020,키움 레버리지 리츠부동산인프라 ETN,KOSPI,STOCK,N
760021,키움 코스피200 선물 달러노출 ETN,KOSPI,STOCK,N
760022,키움 K방산 TOP5 ETN,KOSPI,STOCK,N
760023,키움 레버리지 K방산 TOP5 ETN,KOSPI,STOCK,N
760024,키움 인버스 2X K방산 TOP5 ETN,KOSPI,STOCK,N
760025,키움 전력 TOP5 ETN,KOSPI,STOCK,N
760026,키움 레버리지 전력 TOP5 ETN,KOSPI,STOCK,N
760027,키움 인버스 2X 전력 TOP5 ETN,KOSPI,STOCK,N
760028,키움 인버스 2X 반도체TOP10 ETN,KOSPI,STOCK,N
762015,이탈리아물류1호 종류A,KOSPI,STOCK,N
77200017,한국밸류라이프V파워1(A),KOSPI,STOCK,N
77200018,한국밸류라이프V파워1(A-e),KOSPI,STOCK,N
77200019,한국밸류라이프V파워1(C-F),KOSPI,STOCK,N
77200020,한국밸류라이프V파워2(A),KOSPI,STOCK,N
77200021,한국밸류라이프V파워2(A-e),KOSPI,STOCK,N
77200022,한국밸류라이프V파워2(C-F),KOSPI,STOCK,N
77200023,한국밸류코리아기업가치포커스1호A,KOSPI,STOCK,N
77200024,한국밸류코리아기업가치포커스1호C-F,KOSPI,STOCK,N
77200025,한국밸류코리아기업가치포커스2호A,KOSPI,STOCK,N
77200026,한국밸류코리아기업가치포커스1호A-e,KOSPI,STOCK,N
77200027,한국밸류코리아기업가치포커스2호C-F,KOSPI,STOCK,N
77200028,한국밸류코리아기업가치포커스2호A-e,KOSPI,STOCK,N
77300005,밸류시스템SAFE증권3호(A),KOSPI,STOCK,N
77300006,밸류시스템SAFE증권3호(Ae),KOSPI,STOCK,N
77300007,밸류시스템SAFE증권3호(CF),KOSPI,STOCK,N
77300008,밸류시스템SAFE증권4호(A),KOSPI,STOCK,N
77300009,밸류시스템SAFE증권4호(Ae),KOSPI,STOCK,N
77300010,밸류시스템SAFE증권4호(CF),KOSPI,STOCK,N
900140,엘브이엠씨홀딩스,KOSPI,STOCK,N
950210,프레스티지바이오파마,KOSPI,STOCK,N
